基金代碼,特徵1_國內外,特徵2_產業別,特徵3_高收益債,特徵4_高風險,特徵5_熱門基金,特徵6_基金型態別,特徵7_高報酬
100,國內,,,,,a.股票型,
101,國內,,,,,a.股票型,
103,國內,,,,,a.股票型,
111,國內,,,,,c.貨幣型,
120,國內,,,,,c.貨幣型,
132,國內,網路軟體及服務,,高風險,,a.股票型,今年來報酬率大於10%
135,國內,水資源,,,,a.股票型,
136,國內,美國投資等級債券,,,,e.組合型,
137,國內,新興拉美,,高風險,,e.組合型,
139,國內,原物料,,高風險,,a.股票型,
142,國內,其他,,,,a.股票型,
145,國內,指數股票型基金,,,,a.股票型,
146,國內,REITS-多元化,,,,a.股票型,
147,國內,工業,,,,a.股票型,
148,國內,,,,,e.組合型,
152,國內,原物料,,,,a.股票型,
153,國內,,,高風險,,a.股票型,
154,國內,,,高風險,,a.股票型,
158,國內,網路軟體及服務,,高風險,,a.股票型,
160,國內,網路軟體及服務,,高風險,,a.股票型,今年來報酬率大於10%
161,國內,通訊,高收益債,,,b.債券型,
162,國內,通訊,高收益債,,,b.債券型,
163,國內,半導體業,,高風險,,a.股票型,今年來報酬率大於10%
165,國內,投資級公司債券,,,,e.組合型,
167,國內,,,,,a.股票型,
168,國內,,,,,a.股票型,
169,國內,工業,,高風險,,a.股票型,今年來報酬率大於10%
173,國內,其他,,高風險,,g.指數型,
175,國內,,,,,f.期貨型,
176,國內,消費品,,高風險,,a.股票型,今年來報酬率大於10%
179,國內,共同基金,,,,e.組合型,
180,國內,共同基金,,,,e.組合型,
181,國內,,,,,a.股票型,
182,國內,原物料,高收益債,,,b.債券型,
183,國內,原物料,高收益債,,,b.債券型,
185,國內,消費品,,高風險,,a.股票型,
186,國內,其他,,高風險,,g.指數型,
187,國內,資訊技術,,高風險,,g.指數型,
188,國內,非日常生活消費品,,高風險,,g.指數型,
191,國內,債券,,,,f.期貨型,
192,國內,,,,,e.組合型,
194,國內,流動性資金,,,,e.組合型,
198,國內,,,高風險,,a.股票型,
1Y7,國外,資訊科技,,,,a.股票型,今年來報酬率大於10%
200,國內,流動性資金,高收益債,,,b.債券型,
202,國內,耐久財消費,,高風險,,a.股票型,今年來報酬率大於10%
204,國內,金融債,高收益債,,,b.債券型,
205,國內,金融債,高收益債,,,b.債券型,
207,國內,政府公債,,,,b.債券型,
208,國內,政府公債,,,,b.債券型,
209,國內,循環消費,高收益債,,,b.債券型,
210,國內,流動資金,高收益債,,,b.債券型,
212,國內,,,,,b.債券型,
213,國內,其他<2%>類股,,高風險,,a.股票型,
214,國內,,,,,b.債券型,
215,國內,,,,,b.債券型,
216,國內,公司債,,高風險,,d.平衡型,
217,國內,循環消費,高收益債,,,b.債券型,
218,國內,現金及其他,高收益債,,,b.債券型,
221,國內,原物料,高收益債,,,b.債券型,
222,國內,原物料,高收益債,,,b.債券型,
224,國內,流動資產,,,,b.債券型,
225,國內,流動資產,,,,b.債券型,
226,國內,金融,,,,b.債券型,
227,國內,金融,,,,b.債券型,
229,國內,石油天然氣,高收益債,,,b.債券型,
230,國內,石油天然氣,高收益債,,,b.債券型,
231,國內,非循環性消費,高收益債,,,b.債券型,
232,國內,非循環性消費,高收益債,,,b.債券型,
233,國內,活期存款,,,,c.貨幣型,
234,國內,現金及其他,高收益債,,,b.債券型,
235,國內,消費,高收益債,,,b.債券型,
236,國內,現金及其他,高收益債,,,b.債券型,
237,國內,循環消費,高收益債,,,b.債券型,
238,國內,循環消費,高收益債,,,b.債券型,
239,國內,民生消費,,,,b.債券型,
240,國內,政府公債,,,,b.債券型,
241,國內,政府公債,,,,b.債券型,
242,國內,,高收益債,,,b.債券型,
243,國內,,高收益債,,,b.債券型,
244,國內,,高收益債,,,b.債券型,
245,國內,,高收益債,,,b.債券型,
247,國內,流動資金,高收益債,,,b.債券型,
248,國內,工業,,高風險,,a.股票型,
250,國內,,,,,f.期貨型,
251,國內,現金及其他,高收益債,,,b.債券型,
252,國內,約當現金及其他,高收益債,,,b.債券型,
253,國內,約當現金及其他,高收益債,,,b.債券型,
254,國內,約當現金及其他,高收益債,,,b.債券型,
255,國內,約當現金及其他,高收益債,,,b.債券型,
256,國內,,,,,b.債券型,
257,國內,,,,,b.債券型,
259,國內,,,,,b.債券型,
260,國內,,高收益債,,,b.債券型,
261,國內,,高收益債,,,b.債券型,
262,國內,能源,高收益債,,,b.債券型,
263,國內,能源,高收益債,,,b.債券型,
265,國內,人民幣金融債券,高收益債,,,b.債券型,
266,國內,人民幣金融債券,高收益債,,,b.債券型,
267,國內,人民幣金融債券,高收益債,,,b.債券型,
268,國內,通訊,高收益債,,,b.債券型,
269,國內,通訊,高收益債,,,b.債券型,
272,國內,,,,,c.貨幣型,
273,國內,通訊,高收益債,,,b.債券型,
274,國內,通訊,高收益債,,,b.債券型,
275,國內,約當現金及其他,高收益債,,,b.債券型,
276,國內,約當現金及其他,高收益債,,,b.債券型,
277,國內,現金及約當現金,高收益債,,,b.債券型,
278,國內,現金及約當現金,高收益債,,,b.債券型,
279,國內,,,,,e.組合型,
280,國內,,,,,e.組合型,
281,國內,,,,,e.組合型,
282,國內,,,,,e.組合型,
283,國內,公司債,,高風險,,d.平衡型,
284,國內,,高收益債,,,b.債券型,
285,國內,,高收益債,,,b.債券型,
286,國內,,高收益債,,,b.債券型,
287,國內,,高收益債,,,b.債券型,
288,國內,其他,,,,c.貨幣型,
289,國內,其他,,,,c.貨幣型,
290,國內,現金,,,,b.債券型,
292,國內,現金,,,,b.債券型,
293,國內,石油天然氣,高收益債,,,b.債券型,
294,國內,石油天然氣,高收益債,,,b.債券型,
295,國內,現金及約當現金,高收益債,,,d.平衡型,
296,國內,現金及約當現金,高收益債,,,d.平衡型,
297,國內,現金及約當現金,高收益債,,,d.平衡型,
298,國內,現金及約當現金,高收益債,,,d.平衡型,
299,國內,工業,,高風險,,a.股票型,今年來報酬率大於10%
300,國內,工業,,高風險,,a.股票型,今年來報酬率大於10%
301,國內,金融債,高收益債,,,b.債券型,
302,國內,金融債,高收益債,,,b.債券型,
303,國內,非核心消費,,高風險,,a.股票型,
304,國內,通訊/媒體,高收益債,,,b.債券型,
305,國內,通訊/媒體,高收益債,,,b.債券型,
306,國內,原物料,高收益債,,,b.債券型,
307,國內,原物料,高收益債,,,b.債券型,
308,國內,能源,高收益債,,,b.債券型,
309,國內,能源,高收益債,,,b.債券型,
310,國內,,高收益債,,,d.平衡型,
311,國內,,高收益債,,,d.平衡型,
312,國內,,高收益債,,,d.平衡型,
313,國內,,高收益債,,,d.平衡型,
314,國內,,高收益債,,,d.平衡型,
315,國內,,高收益債,,,d.平衡型,
316,國內,強勢貨幣新興市場債,高收益債,,,b.債券型,
317,國內,強勢貨幣新興市場債,高收益債,,,b.債券型,
318,國內,強勢貨幣新興市場債,高收益債,,,b.債券型,
319,國內,強勢貨幣新興市場債,高收益債,,,b.債券型,
320,國內,醫藥,,高風險,,a.股票型,
321,國內,醫藥,,高風險,,a.股票型,今年來報酬率大於10%
322,國內,消費,,高風險,,a.股票型,
323,國內,消費,,高風險,,a.股票型,今年來報酬率大於10%
324,國內,活存及其他,,,,c.貨幣型,
325,國內,現金及其他,高收益債,,,b.債券型,
326,國內,現金及其他,高收益債,,,b.債券型,
327,國內,活存及其他,,,,c.貨幣型,
328,國內,現金及其他,高收益債,,,b.債券型,
329,國內,現金及其他,高收益債,,,b.債券型,
330,國內,債券,,,,c.貨幣型,
331,國內,債券,,,,c.貨幣型,
332,國內,,,,,b.債券型,
333,國內,,,,,b.債券型,
334,國內,,高收益債,,,b.債券型,
335,國內,,高收益債,,,b.債券型,
336,國內,,,,,b.債券型,
337,國內,,,,,b.債券型,
338,國內,,高收益債,,,b.債券型,
339,國內,,高收益債,,,b.債券型,
340,國內,流動資金,高收益債,,,d.平衡型,
341,國內,資訊技術,,高風險,,a.股票型,
342,國內,流動資金,高收益債,,,d.平衡型,
343,國內,流動資金,高收益債,,,d.平衡型,
344,國內,資訊技術,,高風險,,a.股票型,今年來報酬率大於10%
345,國內,其他,高收益債,,,d.平衡型,
346,國內,其他,高收益債,,,d.平衡型,
347,國內,其他,高收益債,,,d.平衡型,今年來報酬率大於10%
348,國內,其他,高收益債,,,d.平衡型,今年來報酬率大於10%
349,國內,原物料,高收益債,,,b.債券型,
350,國內,原物料,高收益債,,,b.債券型,
351,國內,醫療保健,,,,a.股票型,
352,國內,醫療保健,,,,a.股票型,
353,國內,REITS-辦公資產,,,,a.股票型,
354,國內,REITS-辦公資產,,,,a.股票型,
356,國內,現金及約當現金,高收益債,,,d.平衡型,
357,國內,現金及約當現金,高收益債,,,d.平衡型,
358,國內,現金及約當現金,高收益債,,,d.平衡型,
359,國內,現金及約當現金,高收益債,,,d.平衡型,
360,國內,現金及約當現金,高收益債,,,d.平衡型,
361,國內,其他<2%>類股,,高風險,,a.股票型,
362,國內,,,高風險,,a.股票型,
363,國內,,,高風險,,a.股票型,
364,國內,,,高風險,,a.股票型,今年來報酬率大於10%
365,國內,,,高風險,,a.股票型,今年來報酬率大於10%
366,國內,軍工,,高風險,,a.股票型,
367,國內,旅遊消費,,高風險,,a.股票型,
368,國內,環球高收益債券型,高收益債,,,e.組合型,
369,國內,環球高收益債券型,高收益債,,,e.組合型,
370,國內,環球高收益債券型,高收益債,,,e.組合型,今年來報酬率大於10%
371,國內,環球高收益債券型,高收益債,,,e.組合型,今年來報酬率大於10%
372,國內,環球高收益債券型,高收益債,,,e.組合型,今年來報酬率大於10%
373,國內,機構,高收益債,,,b.債券型,
374,國內,機構,高收益債,,,b.債券型,
375,國內,機構,高收益債,,,b.債券型,
376,國內,機構,高收益債,,,b.債券型,
377,國內,高收益債券,高收益債,,,d.平衡型,
378,國內,高收益債券,高收益債,,,d.平衡型,
379,國內,高收益債券,高收益債,,,d.平衡型,
381,國內,高收益債券,高收益債,,,d.平衡型,
382,國內,高收益債券,高收益債,,,d.平衡型,
384,國內,高收益債券,高收益債,,,d.平衡型,
386,國內,高收益債券,高收益債,,,d.平衡型,
387,國內,環球高收益債券型,高收益債,,,e.組合型,
388,國內,工業,,高風險,,a.股票型,今年來報酬率大於10%
389,國內,軍工,,高風險,,a.股票型,
390,國內,旅遊消費,,高風險,,a.股票型,
391,國內,約當現金及其他,高收益債,,,b.債券型,
392,國內,約當現金及其他,高收益債,,,b.債券型,
393,國內,景氣循環性消費,,高風險,,a.股票型,今年來報酬率大於10%
394,國內,通訊,,高風險,,a.股票型,今年來報酬率大於10%
396,國內,<2%產業,,,,g.指數型,
397,國內,<2%產業,,,,g.指數型,
398,國內,非必需性消費,,,,a.股票型,今年來報酬率大於10%
399,國內,,,高風險,,a.股票型,
400,國內,非循環性消費,高收益債,,,b.債券型,
401,國內,非循環性消費,高收益債,,,b.債券型,
402,國內,原物料,高收益債,,,d.平衡型,
403,國內,原物料,高收益債,,,d.平衡型,
404,國內,工業,,高風險,,a.股票型,今年來報酬率大於10%
405,國內,必需消費品,,高風險,,a.股票型,
406,國內,必需消費品,,高風險,,a.股票型,
407,國內,必需消費品,,高風險,,a.股票型,今年來報酬率大於10%
409,國內,生技醫療,,,,a.股票型,今年來報酬率大於10%
410,國內,生技醫療,,,,a.股票型,今年來報酬率大於10%
412,國內,,,,,e.組合型,
413,國內,金融銀行,,,,b.債券型,
414,國內,金融銀行,,,,b.債券型,
416,國內,美元約當現金,高收益債,,,e.組合型,
417,國內,美元約當現金,高收益債,,,e.組合型,
418,國內,美元約當現金,高收益債,,,e.組合型,
419,國內,耐久財消費,,高風險,,a.股票型,今年來報酬率大於10%
420,國內,,,高風險,,a.股票型,今年來報酬率大於10%
421,國內,耐久財消費,,高風險,,a.股票型,今年來報酬率大於10%
422,國內,,,高風險,,a.股票型,今年來報酬率大於10%
423,國內,不動產,,,,g.指數型,
424,國內,非股票部位,,高風險,,g.指數型,今年來報酬率大於10%
425,國內,不動產,,,,g.指數型,
426,國內,非股票部位,,高風險,,g.指數型,今年來報酬率大於10%
427,國內,現金,,,,a.股票型,
428,國內,現金,,,,a.股票型,今年來報酬率大於10%
429,國內,現金,,,,a.股票型,
430,國內,能源,高收益債,,,d.平衡型,
431,國內,能源,高收益債,,,d.平衡型,
433,國內,能源,高收益債,,,d.平衡型,
434,國內,能源,高收益債,,,d.平衡型,
435,國內,能源,高收益債,,,d.平衡型,
436,國內,現金,,,,a.股票型,今年來報酬率大於10%
437,國內,消費,高收益債,,,b.債券型,
438,國內,日常消費品,,高風險,,d.平衡型,
439,國內,,高收益債,,,b.債券型,
440,國內,,高收益債,,,b.債券型,
442,國內,現金,,,,a.股票型,今年來報酬率大於10%
443,國內,通訊/媒體,高收益債,,,b.債券型,
445,國內,現金,,,,a.股票型,
446,國內,現金,,,,a.股票型,
447,國內,現金,,,,a.股票型,
448,國內,現金,,,,a.股票型,
449,國內,現金,,,,a.股票型,
450,國內,現金,,,,a.股票型,
451,國內,,高收益債,,,b.債券型,
452,國內,,高收益債,,,b.債券型,
455,國內,其他,,,,a.股票型,今年來報酬率大於10%
456,國內,基礎材料,高收益債,,,h.其他型,
457,國內,基礎材料,高收益債,,,h.其他型,
458,國內,,高收益債,,,d.平衡型,
459,國內,,高收益債,,,d.平衡型,
460,國內,,高收益債,,,d.平衡型,
461,國內,,高收益債,,,d.平衡型,
502,國外,,,,,b.債券型,
503,國外,股權,高收益債,,,b.債券型,
504,國外,,,,,b.債券型,
505,國外,科技,高收益債,,,b.債券型,
506,國外,健康醫療,,,,d.平衡型,
50C,國外,工業,,高風險,,a.股票型,今年來報酬率大於10%
50D,國外,應用軟體,,,,a.股票型,今年來報酬率大於10%
50E,國外,,,,,a.股票型,
50F,國外,,,,,b.債券型,
50M,國外,健康醫療,,,,a.股票型,今年來報酬率大於10%
519,國外,日本股票,,,,d.平衡型,
51B,國外,金融,,,,a.股票型,今年來報酬率大於10%
51C,國外,電腦及周邊設備,,,,a.股票型,今年來報酬率大於10%
51D,國外,資訊科技,,,,a.股票型,
51E,國外,能源,,,,b.債券型,
51F,國外,媒體,高收益債,,,b.債券型,
51G,國外,資訊科技,,,,b.債券型,
51H,國外,多元金融業,高收益債,,,b.債券型,
51J,國外,金融,,,,a.股票型,
51K,國外,原物料,,,,a.股票型,今年來報酬率大於10%
51L,國外,金融,,,,a.股票型,今年來報酬率大於10%
51M,國外,原物料,,,,a.股票型,
51N,國外,醫療保健,,,,a.股票型,
51P,國外,工業,,,,a.股票型,
51Q,國外,金融,,,,a.股票型,
51R,國外,醫療保健,,,,a.股票型,今年來報酬率大於10%
51V,國外,金融,,,,a.股票型,
51W,國外,原物料,,,,a.股票型,今年來報酬率大於10%
51X,國外,醫療保健,,,,a.股票型,
521,國外,醫療保健,,,,a.股票型,今年來報酬率大於10%
52A,國外,未分類,,,,d.平衡型,
52B,國外,零售,,,,a.股票型,
52C,國外,零售,,,,a.股票型,
52D,國外,,高收益債,,,b.債券型,
52E,國外,,高收益債,,,b.債券型,
52F,國外,非核心消費,,高風險,,a.股票型,今年來報酬率大於10%
52G,國外,非核心消費,,高風險,,a.股票型,今年來報酬率大於10%
52H,國外,非核心消費,,高風險,,a.股票型,今年來報酬率大於10%
52I,國外,住宅,,高風險,,a.股票型,
52J,國外,住宅,,,,a.股票型,
52K,國外,資訊科技,,,,a.股票型,
52L,國外,資訊科技,,,,a.股票型,
52N,國外,流動資產,,,,a.股票型,
52Q,國外,現金,,,,b.債券型,
52W,國外,金融債券,高收益債,,,b.債券型,
52X,國外,金融債券,高收益債,,,b.債券型,
52Y,國外,資訊科技,,,,a.股票型,
52Z,國外,資訊科技,,,,a.股票型,
532,國外,日本股票,,,,d.平衡型,
534,國外,醫療保健,,,,a.股票型,
53C,國外,資訊科技,,高風險,,a.股票型,今年來報酬率大於10%
53D,國外,,,高風險,,a.股票型,
53K,國外,中樞神經系統,,,,a.股票型,今年來報酬率大於10%
53L,國外,中樞神經系統,,,,a.股票型,
53M,國外,器材,,,,a.股票型,今年來報酬率大於10%
53N,國外,器材,,,,a.股票型,
53O,國外,環境服務,,,,a.股票型,今年來報酬率大於10%
53P,國外,環境服務,,,,a.股票型,
53Q,國外,軟體企業,,,,a.股票型,今年來報酬率大於10%
53R,國外,食品及飲品,,,,a.股票型,今年來報酬率大於10%
53S,國外,食品及飲品,,,,a.股票型,今年來報酬率大於10%
53Z,國外,非必需消費品,,,,a.股票型,今年來報酬率大於10%
545,國外,日本股票,,,,d.平衡型,
54F,國外,非必需消費品,,,,a.股票型,
54M,國外,必需消費品,,高風險,,a.股票型,
54Q,國外,政府債券,高收益債,,,b.債券型,
54R,國外,金融債券,高收益債,,,b.債券型,
54S,國外,金融債券,高收益債,,,b.債券型,
54W,國外,金融債券,高收益債,,,b.債券型,
54X,國外,金融債券,高收益債,,,b.債券型,
554,國外,資訊科技,,高風險,,a.股票型,今年來報酬率大於10%
557,國外,工業,,高風險,,a.股票型,今年來報酬率大於10%
55D,國外,非核心消費,,高風險,,a.股票型,今年來報酬率大於10%
55E,國外,公用事業,,,,b.債券型,
55F,國外,外部政府債券,,,,b.債券型,
55G,國外,外部政府債券,,,,b.債券型,
55H,國外,外部政府債券,,,,b.債券型,
55I,國外,外部政府債券,,,,b.債券型,
55N,國外,非民生必需品,,高風險,,a.股票型,今年來報酬率大於10%
55R,國外,資訊科技,,高風險,,a.股票型,今年來報酬率大於10%
55U,國外,能源,,,,a.股票型,
55V,國外,,,高風險,,a.股票型,今年來報酬率大於10%
55X,國外,,,高風險,,a.股票型,
55Y,國外,其他,高收益債,,,b.債券型,
55Z,國外,銀行與證券,高收益債,,,b.債券型,
57C,國外,健康醫療,,,,a.股票型,今年來報酬率大於10%
57D,國外,健康醫療,高收益債,,,d.平衡型,
57E,國外,多元金融業,高收益債,,,b.債券型,
57F,國外,公用事業,,,,b.債券型,
57G,國外,原物料,,高風險,,a.股票型,
57H,國外,景氣循環性消費,,高風險,,a.股票型,今年來報酬率大於10%
57I,國外,機構債券,,,,b.債券型,
57O,國外,消費性耐久財,,高風險,,a.股票型,今年來報酬率大於10%
57R,國外,非民生必需品,,,,a.股票型,今年來報酬率大於10%
57T,國外,非民生必需品,,高風險,,a.股票型,今年來報酬率大於10%
57U,國外,非民生必需品,,高風險,,a.股票型,今年來報酬率大於10%
57V,國外,房地產,,高風險,,a.股票型,今年來報酬率大於10%
57W,國外,房地產,,高風險,,a.股票型,今年來報酬率大於10%
57X,國外,現金及衍生性商品,高收益債,,,b.債券型,
57Y,國外,現金及衍生性商品,高收益債,,,b.債券型,
57Z,國外,非必需消費品,,,,d.平衡型,
587,國外,生化科技,,,,a.股票型,今年來報酬率大於10%
588,國外,半導體及半導體設備,,,,a.股票型,今年來報酬率大於10%
589,國外,醫療保健,,,,a.股票型,今年來報酬率大於10%
58A,國外,資訊科技,,,,a.股票型,今年來報酬率大於10%
58B,國外,主要消費品,,高風險,,a.股票型,
58C,國外,金融,,,,a.股票型,
58D,國外,金融,,,,a.股票型,
58E,國外,多元化消費品,,,,a.股票型,
58G,國外,資訊科技保安,,,,a.股票型,今年來報酬率大於10%
58H,國外,資訊科技保安,,,,a.股票型,
58J,國外,其他,高收益債,,,b.債券型,
58M,國外,非必需消費品,,高風險,,a.股票型,今年來報酬率大於10%
58N,國外,非必需消費品,,高風險,,a.股票型,今年來報酬率大於10%
58O,國外,工業,,高風險,,a.股票型,今年來報酬率大於10%
58P,國外,工業,,高風險,,a.股票型,今年來報酬率大於10%
58U,國外,現金,,,,a.股票型,今年來報酬率大於10%
58Z,國外,非必需性消費品,,高風險,,a.股票型,今年來報酬率大於10%
594,國外,多元化REITs,,,,a.股票型,
596,國外,新興市場債-強勢貨幣,高收益債,,,b.債券型,
598,國外,新興市場債-當地貨幣,高收益債,,,b.債券型,
59A,國外,非必需性消費品,,高風險,,a.股票型,今年來報酬率大於10%
59D,國外,能源,,,,b.債券型,
59E,國外,媒體,高收益債,,,b.債券型,
59F,國外,資訊科技,,,,b.債券型,
59G,國外,多元金融業,高收益債,,,b.債券型,
59H,國外,多元金融業,高收益債,,,b.債券型,
59I,國外,公用事業,,,,b.債券型,
59J,國外,工業,,高風險,,a.股票型,今年來報酬率大於10%
59L,國外,新興市場債-當地貨幣,高收益債,,,b.債券型,
59M,國外,新興市場債-強勢貨幣,高收益債,,,b.債券型,
59N,國外,通膨連結債券,,,,b.債券型,
59O,國外,約當現金,高收益債,,,b.債券型,
59Q,國外,非核心消費,,高風險,,a.股票型,今年來報酬率大於10%
59S,國外,約當現金,高收益債,,,b.債券型,
59T,國外,約當現金,高收益債,,,b.債券型,
59U,國外,能源,,高風險,,a.股票型,今年來報酬率大於10%
59V,國外,房地產,,高風險,,a.股票型,今年來報酬率大於10%
59W,國外,工業,,,,a.股票型,今年來報酬率大於10%
59Y,國外,非核心消費,,高風險,,a.股票型,今年來報酬率大於10%
59Z,國外,非核心消費,,高風險,,a.股票型,今年來報酬率大於10%
600,國外,新興市場債-當地貨幣,高收益債,,,b.債券型,
601,國外,新興市場債-強勢貨幣,高收益債,,,b.債券型,
605,國外,其他,,高風險,,a.股票型,今年來報酬率大於10%
606,國外,工業,,,,a.股票型,今年來報酬率大於10%
607,國外,其他,,,,a.股票型,
60A,國外,必需消費品,,,,a.股票型,今年來報酬率大於10%
60D,國外,必需消費品,,,,a.股票型,
60G,國外,公用事業和通訊,,,,a.股票型,今年來報酬率大於10%
60H,國外,金融服務,,,,a.股票型,今年來報酬率大於10%
60I,國外,特殊產品與服務,,,,a.股票型,今年來報酬率大於10%
60J,國外,金融服務,,,,a.股票型,今年來報酬率大於10%
60K,國外,金融服務,,,,a.股票型,
60L,國外,必需消費品,,,,d.平衡型,
60M,國外,必需消費品,,,,d.平衡型,
60N,國外,美國政府機構債券,,,,b.債券型,
60O,國外,美國政府機構債券,,,,b.債券型,
60Z,國外,,高收益債,,,b.債券型,
612,國外,醫療保健,,,,a.股票型,今年來報酬率大於10%
613,國外,現金,,,,a.股票型,今年來報酬率大於10%
615,國外,工業,,,,a.股票型,今年來報酬率大於10%
616,國外,其他,,,,a.股票型,
61B,國外,,高收益債,,,b.債券型,
61G,國外,其他,高收益債,,,b.債券型,
61H,國外,科技硬體及設備,,,,a.股票型,今年來報酬率大於10%
61I,國外,科技硬體及設備,,,,a.股票型,今年來報酬率大於10%
61J,國外,能源,,高風險,,a.股票型,今年來報酬率大於10%
61K,國外,能源,,高風險,,a.股票型,
61L,國外,非民生必需品,,高風險,,a.股票型,今年來報酬率大於10%
61M,國外,電訊服務,,高風險,,a.股票型,
61N,國外,電訊服務,,高風險,,a.股票型,
61O,國外,非核心消費,,高風險,,a.股票型,今年來報酬率大於10%
61P,國外,非核心消費,,高風險,,a.股票型,今年來報酬率大於10%
61Q,國外,銀行與證券,高收益債,,,b.債券型,
61R,國外,銀行與證券,高收益債,,,b.債券型,
61S,國外,銀行與證券,高收益債,,,b.債券型,
61U,國外,醫療保健,,,,a.股票型,
61V,國外,,,,,d.平衡型,今年來報酬率大於10%
61W,國外,,,,,d.平衡型,今年來報酬率大於10%
61X,國外,公司債,高收益債,,,b.債券型,
621,國外,醫療保健,,,,a.股票型,
623,國外,健康醫療,,,,a.股票型,
62A,國外,非核心消費品,,高風險,,a.股票型,今年來報酬率大於10%
62B,國外,非核心消費品,,高風險,,a.股票型,今年來報酬率大於10%
62C,國外,工業,,,,a.股票型,
62D,國外,工業,,,,a.股票型,
62I,國外,,,高風險,,a.股票型,今年來報酬率大於10%
62J,國外,,,高風險,,a.股票型,今年來報酬率大於10%
62K,國外,香港中國概念股,,高風險,,a.股票型,今年來報酬率大於10%
62L,國外,健康護理,,,,a.股票型,今年來報酬率大於10%
62M,國外,金融,,高風險,,a.股票型,
62N,國外,股權,高收益債,,,b.債券型,
62O,國外,,高收益債,,,b.債券型,
62R,國外,資訊科技,,高風險,,a.股票型,今年來報酬率大於10%
62T,國外,新興市場債-當地貨幣,高收益債,,,b.債券型,
62U,國外,保險,,,,a.股票型,
62Y,國外,能源,,,,a.股票型,今年來報酬率大於10%
62Z,國外,非必需性消費品,,,,a.股票型,
639,國外,,,,,b.債券型,
63B,國外,資訊科技,,,,a.股票型,
63C,國外,,,,,a.股票型,
63D,國外,,,,,a.股票型,
63E,國外,必需性消費品,,高風險,,a.股票型,
63F,國外,,,,,a.股票型,
63G,國外,,,,,a.股票型,
63I,國外,資本財,高收益債,,,b.債券型,
63J,國外,金融,,,,a.股票型,今年來報酬率大於10%
63L,國外,景氣循環性消費,,高風險,,a.股票型,今年來報酬率大於10%
63M,國外,原物料,,高風險,,a.股票型,
63N,國外,能源,,高風險,,a.股票型,今年來報酬率大於10%
63O,國外,工業,,高風險,,a.股票型,今年來報酬率大於10%
63P,國外,工業,,高風險,,a.股票型,今年來報酬率大於10%
63R,國外,,,,,d.平衡型,
63S,國外,原物料,,高風險,,a.股票型,今年來報酬率大於10%
63T,國外,原物料,,高風險,,a.股票型,今年來報酬率大於10%
63U,國外,原物料,,高風險,,a.股票型,今年來報酬率大於10%
63V,國外,現金及衍生性商品,高收益債,,,b.債券型,
63W,國外,現金及衍生性商品,高收益債,,,b.債券型,
63Y,國外,現金及衍生性商品,高收益債,,,b.債券型,
63Z,國外,工業,,高風險,熱銷基金,a.股票型,今年來報酬率大於10%
643,國外,健康護理,,,,a.股票型,今年來報酬率大於10%
645,國外,工業,,,,a.股票型,今年來報酬率大於10%
646,國外,非必需消費品,,,,a.股票型,今年來報酬率大於10%
647,國外,非必需消費品,,,,a.股票型,
648,國外,金融,,,,a.股票型,
64A,國外,工業,,高風險,,a.股票型,今年來報酬率大於10%
64B,國外,公用事業,,,,b.債券型,
64D,國外,企業債券,,,,b.債券型,
64E,國外,企業債券,,,,b.債券型,
64F,國外,企業債券,,,,b.債券型,
64G,國外,,高收益債,,,b.債券型,
64H,國外,,高收益債,,,b.債券型,
64I,國外,美國國庫券,,,,b.債券型,
64J,國外,資本財,高收益債,,,b.債券型,
64K,國外,資本財,高收益債,,,b.債券型,
64S,國外,新興市場債-強勢貨幣,高收益債,,,b.債券型,
64T,國外,非核心消費,,高風險,,a.股票型,今年來報酬率大於10%
64U,國外,公用事業,高收益債,,,b.債券型,
64V,國外,公用事業,高收益債,,,b.債券型,
651,國外,必需消費品,,高風險,,a.股票型,
652,國外,非必需消費品,,,,a.股票型,
654,國外,健康護理,,,,a.股票型,
65E,國外,公用事業,高收益債,,,b.債券型,
65F,國外,機構債券,,,,b.債券型,
65G,國外,非核心消費,,高風險,,a.股票型,今年來報酬率大於10%
65H,國外,非核心消費,,高風險,,a.股票型,今年來報酬率大於10%
65K,國外,原物料,,高風險,,a.股票型,今年來報酬率大於10%
65M,國外,非核心消費,,,,a.股票型,今年來報酬率大於10%
65O,國外,非核心消費,,,,a.股票型,
65S,國外,非必需消費品,,,,a.股票型,今年來報酬率大於10%
65T,國外,非必需消費品,,,,a.股票型,今年來報酬率大於10%
65U,國外,工業,,,,a.股票型,今年來報酬率大於10%
65Y,國外,非必需消費品,,,,a.股票型,今年來報酬率大於10%
65Z,國外,電訊,,高風險,,a.股票型,今年來報酬率大於10%
660,國外,工業,,,,a.股票型,
661,國外,非必需消費品,,,,a.股票型,
664,國外,金融,,,,a.股票型,
666,國外,非必需消費品,,,,a.股票型,
668,國外,健康護理,,,,a.股票型,
66C,國外,工業,,高風險,,a.股票型,今年來報酬率大於10%
66I,國外,,高收益債,,,b.債券型,
66J,國外,綜合能源,,,,a.股票型,
66K,國外,消費性耐久財,,高風險,,a.股票型,今年來報酬率大於10%
66L,國外,工業,高收益債,,,b.債券型,
66N,國外,金融,,,,a.股票型,
66P,國外,金融債券,,,,b.債券型,
66Q,國外,金融債券,,,,b.債券型,
66R,國外,金融債券,,,,b.債券型,
66T,國外,非金融債券,,,,b.債券型,
66V,國外,金融債券,,,,b.債券型,
66Y,國外,菸草,,,,a.股票型,今年來報酬率大於10%
66Z,國外,菸草,,,,a.股票型,
671,國外,政府債券,高收益債,,,b.債券型,
673,國外,政府債券,高收益債,,,b.債券型,
675,國外,政府債券,高收益債,,,b.債券型,
676,國外,金融債券,高收益債,,,b.債券型,
677,國外,金融債券,高收益債,,,b.債券型,
678,國外,金融債券,高收益債,,,b.債券型,
67B,國外,工業,高收益債,,,b.債券型,
67G,國外,工業,,,,b.債券型,
67I,國外,其他,,,,b.債券型,
67J,國外,能源,高收益債,,,b.債券型,
67K,國外,房地產,,,,b.債券型,
67L,國外,金融,,高風險,,a.股票型,今年來報酬率大於10%
67M,國外,日常用品,,高風險,,a.股票型,今年來報酬率大於10%
67N,國外,金融,,高風險,,a.股票型,今年來報酬率大於10%
67O,國外,,,,,b.債券型,
67P,國外,,,,,b.債券型,
67Q,國外,,,,,b.債券型,
67R,國外,資訊科技,,高風險,,a.股票型,今年來報酬率大於10%
67S,國外,資訊科技,,高風險,,a.股票型,今年來報酬率大於10%
67T,國外,現金,,,,a.股票型,
67U,國外,現金,,,,a.股票型,
67V,國外,景氣循環性消費,,,,a.股票型,今年來報酬率大於10%
67W,國外,,,,,a.股票型,
67X,國外,電訊,,高風險,,a.股票型,今年來報酬率大於10%
67Y,國外,必需性消費品,,高風險,,a.股票型,
67Z,國外,,,,,a.股票型,
680,國外,醫療保健,,,,a.股票型,
688,國外,必需性消費品,,,,a.股票型,今年來報酬率大於10%
689,國外,必需性消費品,,,,a.股票型,今年來報酬率大於10%
68A,國外,能源,,,,b.債券型,
68B,國外,其他,高收益債,,,b.債券型,
68C,國外,現金及其他,高收益債,,,b.債券型,
68D,國外,資本財,高收益債,,,b.債券型,
68E,國外,資本財,高收益債,,,b.債券型,
68F,國外,現金及衍生性商品,高收益債,,,b.債券型,
68G,國外,加拿大,高收益債,,,b.債券型,
68H,國外,現金及衍生性商品,高收益債,,,b.債券型,
68I,國外,公用事業,,,,b.債券型,
68J,國外,金融,,高風險,,a.股票型,今年來報酬率大於10%
68K,國外,金融,,高風險,,a.股票型,今年來報酬率大於10%
68M,國外,新興市場金融債券,高收益債,,,b.債券型,
68N,國外,新興市場金融債券,高收益債,,,b.債券型,
68O,國外,新興市場金融債券,高收益債,,,b.債券型,
68P,國外,能源,,,,b.債券型,
68Q,國外,其他,高收益債,,,b.債券型,
68R,國外,現金及其他,高收益債,,,b.債券型,
68S,國外,資本財,高收益債,,,b.債券型,
68T,國外,現金及其他,高收益債,,,b.債券型,
68V,國外,工業,,,,a.股票型,今年來報酬率大於10%
68X,國外,媒體,高收益債,,,b.債券型,
68Y,國外,資本財,高收益債,,,b.債券型,
68Z,國外,現金及其他,高收益債,,,b.債券型,
690,國外,醫療保健,,,,a.股票型,
691,國外,金融,,高風險,,a.股票型,今年來報酬率大於10%
696,國外,能源,,,,b.債券型,
697,國外,民生必需品,,高風險,,a.股票型,今年來報酬率大於10%
698,國外,金融,,,,a.股票型,今年來報酬率大於10%
699,國外,服務,,,,a.股票型,
69A,國外,金融,,高風險,,a.股票型,今年來報酬率大於10%
69B,國外,非核心消費,,高風險,,a.股票型,今年來報酬率大於10%
69C,國外,公用事業,,,,b.債券型,
69D,國外,現金及衍生性商品,高收益債,,,b.債券型,
69E,國外,現金及衍生性商品,高收益債,,,b.債券型,
69F,國外,加拿大,高收益債,,,b.債券型,
69G,國外,現金及衍生性商品,高收益債,,,b.債券型,
69H,國外,主權債(非當地貨幣),高收益債,,,b.債券型,
69I,國外,媒體,高收益債,,,b.債券型,
69J,國外,工業,,,,b.債券型,
69K,國外,工業,,,,b.債券型,
69L,國外,工業,,,,b.債券型,
69M,國外,主權債(非當地貨幣),高收益債,,,b.債券型,
69N,國外,金融,,,,b.債券型,
69R,國外,,高收益債,,,b.債券型,
69T,國外,主權債,,,,b.債券型,
69U,國外,,,,,b.債券型,今年來報酬率大於10%
69V,國外,,,,,b.債券型,今年來報酬率大於10%
69X,國外,能源,高收益債,,,b.債券型,
69Z,國外,能源,高收益債,,,b.債券型,
700,國外,服務,,,,a.股票型,今年來報酬率大於10%
701,國外,工業,,高風險,,a.股票型,今年來報酬率大於10%
702,國外,非民生必需品,,高風險,,a.股票型,今年來報酬率大於10%
703,國外,民生必需品,,高風險,,a.股票型,
704,國外,健康護理,,,,a.股票型,今年來報酬率大於10%
706,國外,能源,,,,b.債券型,
708,國外,健康醫療,,,,a.股票型,今年來報酬率大於10%
70D,國外,原物料,,高風險,,a.股票型,
70F,國外,非核心消費商品,,高風險,,a.股票型,
70G,國外,電信服務,,高風險,,a.股票型,
70H,國外,金融,,高風險,,a.股票型,
70I,國外,金融,,高風險,,a.股票型,
70J,國外,健康護理,,,,a.股票型,今年來報酬率大於10%
70K,國外,工業,,高風險,,a.股票型,今年來報酬率大於10%
70N,國外,資本市場,,,,a.股票型,
70Q,國外,容器與包裝,,,,a.股票型,
70R,國外,容器與包裝,,,,a.股票型,
70S,國外,數據處理與外包,,,,a.股票型,今年來報酬率大於10%
70U,國外,水力公用事業,,,,a.股票型,
710,國外,消費性耐久財,,,,a.股票型,今年來報酬率大於10%
715,國外,資訊科技,,,,a.股票型,
71C,國外,現金及其他,高收益債,,,b.債券型,
71D,國外,非循環性消費,高收益債,,,b.債券型,
71E,國外,其他,高收益債,,,b.債券型,
71F,國外,銀行與證券,高收益債,,,b.債券型,
71G,國外,,高收益債,,,b.債券型,
71H,國外,其他,高收益債,,,b.債券型,
71I,國外,,,,,b.債券型,
71J,國外,,,,,b.債券型,
71K,國外,工業,,,,a.股票型,
71L,國外,工業,,,,a.股票型,
71M,國外,資訊科技,,,,a.股票型,今年來報酬率大於10%
71N,國外,新興市場債-當地貨幣,高收益債,,,b.債券型,
71O,國外,工業,,,,a.股票型,今年來報酬率大於10%
71P,國外,資訊科技,,,,a.股票型,
71Q,國外,資訊科技,,,,a.股票型,
71S,國外,健康護理,,,,a.股票型,今年來報酬率大於10%
71T,國外,健康護理,,,,a.股票型,
71U,國外,健康護理,,,,a.股票型,
71V,國外,其他,,,,a.股票型,
71W,國外,醫療保健,,,,a.股票型,
71X,國外,醫療保健,,,,a.股票型,
71Y,國外,醫療保健,,,,a.股票型,
71Z,國外,非循環性消費,高收益債,,,b.債券型,
72A,國外,資訊科技,,,,a.股票型,
72B,國外,資訊科技,,,,a.股票型,
72C,國外,新興市場債-當地貨幣,高收益債,,熱銷基金,b.債券型,
72D,國外,新興市場債-當地貨幣,高收益債,,,b.債券型,
72E,國外,約當現金,高收益債,,,b.債券型,
72F,國外,約當現金,高收益債,,,b.債券型,
72G,國外,約當現金,高收益債,,,b.債券型,
72H,國外,新興市場債-強勢貨幣,高收益債,,,b.債券型,
72I,國外,新興市場債-強勢貨幣,高收益債,,,b.債券型,
72J,國外,公司債,高收益債,,,b.債券型,
72K,國外,公司債,高收益債,,,b.債券型,
72L,國外,通膨連結債券,,,,b.債券型,
72M,國外,通膨連結債券,,,,b.債券型,
72S,國外,健康護理,,,,a.股票型,
72T,國外,原物料,,,,a.股票型,今年來報酬率大於10%
72U,國外,原物料,,,,a.股票型,
72V,國外,原物料,,,,a.股票型,今年來報酬率大於10%
72W,國外,媒體,高收益債,,,b.債券型,
72X,國外,媒體,高收益債,,,b.債券型,
72Y,國外,媒體,高收益債,,,b.債券型,
72Z,國外,媒體,高收益債,,,b.債券型,
73A,國外,媒體,高收益債,,,b.債券型,
73B,國外,消費品,,,,a.股票型,
73C,國外,金融,,,,a.股票型,今年來報酬率大於10%
73D,國外,零售貿易,,,,a.股票型,今年來報酬率大於10%
73E,國外,能源,,,,a.股票型,今年來報酬率大於10%
73F,國外,能源,,,,a.股票型,今年來報酬率大於10%
73G,國外,原物料,,高風險,,a.股票型,今年來報酬率大於10%
73H,國外,原物料,,高風險,,a.股票型,今年來報酬率大於10%
73I,國外,原物料,,高風險,,a.股票型,今年來報酬率大於10%
73J,國外,新興市場債-當地貨幣,高收益債,,,b.債券型,
73K,國外,新興市場債-強勢貨幣,高收益債,,,b.債券型,
73L,國外,公司債,高收益債,,,b.債券型,
73M,國外,多元金融業,高收益債,,,b.債券型,
73N,國外,多元金融業,高收益債,,,b.債券型,
73O,國外,資訊科技,,,,a.股票型,
73P,國外,資訊科技,,,,a.股票型,
73Q,國外,資訊科技,,,,a.股票型,
73R,國外,資訊科技,,,,a.股票型,
73S,國外,金融,,高風險,,a.股票型,今年來報酬率大於10%
73T,國外,房地產,,高風險,,a.股票型,今年來報酬率大於10%
73U,國外,銀行與證券,高收益債,,,b.債券型,
73V,國外,工業,,,,d.平衡型,
73W,國外,健康護理,,,,a.股票型,今年來報酬率大於10%
74E,國外,現金及衍生性商品,高收益債,,,b.債券型,
74F,國外,加拿大,高收益債,,,b.債券型,
74G,國外,現金及衍生性商品,高收益債,,,b.債券型,
74H,國外,原物料,,高風險,,a.股票型,今年來報酬率大於10%
74I,國外,工業,,高風險,,a.股票型,今年來報酬率大於10%
74J,國外,資訊科技,,,,a.股票型,
74K,國外,原物料,,高風險,,a.股票型,今年來報酬率大於10%
74L,國外,石油服務,,,,a.股票型,
74M,國外,金融,,,,a.股票型,
74N,國外,鑽石,,高風險,,a.股票型,
74O,國外,生物技術,,,,a.股票型,今年來報酬率大於10%
74P,國外,銅,,,,a.股票型,
74Q,國外,非必需消費品,,,,a.股票型,今年來報酬率大於10%
74R,國外,非必需消費品,,,,a.股票型,今年來報酬率大於10%
74S,國外,非必須消費品,,,,a.股票型,今年來報酬率大於10%
74T,國外,非必須消費品,,,,a.股票型,
74U,國外,金融,,,,a.股票型,今年來報酬率大於10%
74W,國外,醫療保健,,,,a.股票型,
74X,國外,醫療保健,,,,a.股票型,今年來報酬率大於10%
74Y,國外,醫療保健,,,,a.股票型,
74Z,國外,資訊科技,,,,a.股票型,
755,國外,必需性消費品,,高風險,,a.股票型,
75A,國外,能源,,,,a.股票型,今年來報酬率大於10%
75B,國外,能源,,,,a.股票型,今年來報酬率大於10%
75D,國外,工業,,高風險,,a.股票型,今年來報酬率大於10%
75E,國外,工業,,高風險,,a.股票型,今年來報酬率大於10%
75F,國外,工業,,高風險,,a.股票型,今年來報酬率大於10%
75G,國外,工業,,高風險,,a.股票型,今年來報酬率大於10%
75H,國外,工業,,高風險,,a.股票型,今年來報酬率大於10%
75I,國外,石油天然氣,高收益債,,,b.債券型,
75K,國外,石油天然氣,高收益債,,,b.債券型,
75L,國外,石油天然氣,高收益債,,,b.債券型,
75M,國外,石油天然氣,高收益債,,,b.債券型,
75N,國外,健康護理,,,,a.股票型,
75O,國外,健康護理,,,,a.股票型,
75P,國外,健康護理,,,,a.股票型,今年來報酬率大於10%
75Q,國外,公用,,,,a.股票型,
75R,國外,公用,,,,a.股票型,
75S,國外,公用,,,,a.股票型,
75T,國外,公用,,,,a.股票型,
75U,國外,其他,高收益債,,,b.債券型,
75V,國外,其他,高收益債,,,b.債券型,今年來報酬率大於10%
75X,國外,其他,高收益債,,,b.債券型,
763,國外,醫療保健,,,,a.股票型,
764,國外,醫療保健,,,,a.股票型,
765,國外,原物料,,,,a.股票型,今年來報酬率大於10%
766,國外,原物料,,,,a.股票型,今年來報酬率大於10%
767,國外,資訊科技,,,,a.股票型,
768,國外,健康護理,,,,a.股票型,
769,國外,資訊科技,,,,a.股票型,今年來報酬率大於10%
76A,國外,醫療保健,,,,a.股票型,今年來報酬率大於10%
76B,國外,醫療保健,,,,a.股票型,
76C,國外,資產抵押擔保證券,高收益債,,,b.債券型,
76F,國外,工業,,,,a.股票型,今年來報酬率大於10%
76H,國外,非核心消費,,高風險,,a.股票型,今年來報酬率大於10%
76I,國外,健康護理,,,,a.股票型,今年來報酬率大於10%
76J,國外,原物料,,高風險,,a.股票型,今年來報酬率大於10%
76K,國外,原物料,,高風險,,a.股票型,今年來報酬率大於10%
76L,國外,非核心消費品,,高風險,,a.股票型,今年來報酬率大於10%
76M,國外,非核心消費品,,高風險,,a.股票型,今年來報酬率大於10%
76N,國外,電訊,,高風險,,a.股票型,今年來報酬率大於10%
76O,國外,金融債券,高收益債,,,b.債券型,
76P,國外,金融債券,高收益債,,,b.債券型,
76Q,國外,政府債券,高收益債,,,b.債券型,
76R,國外,政府債券,高收益債,,,b.債券型,
76S,國外,新興市場金融債券,高收益債,,,b.債券型,
76T,國外,新興市場金融債券,高收益債,,,b.債券型,
76U,國外,金融債券,高收益債,,,b.債券型,
76V,國外,金融債券,高收益債,,,b.債券型,
76W,國外,政府債券,高收益債,,,b.債券型,
76X,國外,政府債券,高收益債,,,b.債券型,
76Y,國外,新興市場金融債券,高收益債,,,b.債券型,
76Z,國外,新興市場金融債券,高收益債,,,b.債券型,
770,國外,石油及天然氣設備及服務,,,,a.股票型,
771,國外,日本股票,,,,d.平衡型,
772,國外,金融債券,高收益債,,,b.債券型,
775,國外,資訊科技,,高風險,,a.股票型,今年來報酬率大於10%
776,國外,資訊科技,,高風險,,a.股票型,今年來報酬率大於10%
777,國外,金融,,,,a.股票型,今年來報酬率大於10%
778,國外,金融,,,,a.股票型,
779,國外,金融,,,,a.股票型,
77A,國外,工業,,,,a.股票型,今年來報酬率大於10%
77B,國外,工業,,,,d.平衡型,
77C,國外,工業,,,,d.平衡型,
77D,國外,工業,,,,d.平衡型,
77E,國外,非必需消費,,高風險,,a.股票型,今年來報酬率大於10%
77G,國外,核心消費品,,高風險,,d.平衡型,今年來報酬率大於10%
77H,國外,原物料,,高風險,,a.股票型,今年來報酬率大於10%
77I,國外,非必需消費品,,高風險,,a.股票型,今年來報酬率大於10%
77J,國外,金融債券,高收益債,,,b.債券型,
77K,國外,金融債券,高收益債,,,b.債券型,
77L,國外,非必需消費品,,高風險,,a.股票型,今年來報酬率大於10%
77M,國外,金融債券,高收益債,,,b.債券型,
77N,國外,金融債券,高收益債,,,b.債券型,
77O,國外,公用,,,,a.股票型,
77P,國外,公用,,,,a.股票型,
77Q,國外,環境服務,,,,a.股票型,
77R,國外,工業,,,,a.股票型,
77S,國外,公用事業,高收益債,高風險,,d.平衡型,
77T,國外,公用事業,高收益債,高風險,,d.平衡型,
77U,國外,公用事業,高收益債,高風險,,d.平衡型,
77V,國外,醫療保健,,,,a.股票型,
77W,國外,醫療保健,,,,a.股票型,
77X,國外,資訊科技,,,,a.股票型,
77Y,國外,能源,,,,a.股票型,
77Z,國外,能源,,,,a.股票型,
781,國外,住宅,,,,a.股票型,
782,國外,原物料,,,,a.股票型,
783,國外,科技硬體及周邊,,,,a.股票型,今年來報酬率大於10%
785,國外,資訊科技,,,,a.股票型,
786,國外,醫療保健,,,,a.股票型,
78A,國外,原物料,,,,a.股票型,今年來報酬率大於10%
78B,國外,金融,,,,a.股票型,
78C,國外,非必需消費品,,,,a.股票型,
78E,國外,非民生必需品,,,,a.股票型,
78F,國外,非民生必需品,,,熱銷基金,a.股票型,
78G,國外,非民生必需品,,,,a.股票型,
78H,國外,醫療保健,,,,a.股票型,今年來報酬率大於10%
78I,國外,高股息股票,,,,d.平衡型,
78J,國外,非民生必需品,,,,a.股票型,
78K,國外,住宅,,,,a.股票型,
78L,國外,現金及其他產業,,,,a.股票型,
78M,國外,非必需消費品,,,,a.股票型,今年來報酬率大於10%
78N,國外,非必需消費品,,,,a.股票型,
78O,國外,非必需消費品,,,,a.股票型,今年來報酬率大於10%
78P,國外,現金及其他,高收益債,,,b.債券型,
78R,國外,工業,,,,a.股票型,
78S,國外,金融,,,,a.股票型,今年來報酬率大於10%
78T,國外,非必需消費品,,,,a.股票型,今年來報酬率大於10%
78U,國外,金融抵押債券,,,,b.債券型,
78V,國外,工業,,高風險,,a.股票型,今年來報酬率大於10%
78W,國外,工業,,高風險,,a.股票型,今年來報酬率大於10%
78X,國外,現金及其他,高收益債,,,b.債券型,
78Y,國外,其他,高收益債,,,b.債券型,
78Z,國外,能源,,,,a.股票型,今年來報酬率大於10%
79A,國外,現金及其他,高收益債,,,b.債券型,
79B,國外,其他,高收益債,,,b.債券型,
79C,國外,其他,高收益債,,,b.債券型,
79D,國外,能源,,,,b.債券型,
79G,國外,,高收益債,,,b.債券型,
79H,國外,,高收益債,,,b.債券型,
79J,國外,資本財,高收益債,,,b.債券型,
79K,國外,資本財,高收益債,,,b.債券型,
79L,國外,原物料,,高風險,,a.股票型,今年來報酬率大於10%
79N,國外,金融,,,,a.股票型,今年來報酬率大於10%
79O,國外,能源,,高風險,,a.股票型,今年來報酬率大於10%
79P,國外,機械,,,,a.股票型,
79Q,國外,消費服務,,,,a.股票型,今年來報酬率大於10%
79R,國外,金融,,高風險,,a.股票型,
79S,國外,其他,,,,a.股票型,今年來報酬率大於10%
79T,國外,工業,,,,a.股票型,
79U,國外,工業,,,,a.股票型,
79V,國外,工業,,,,a.股票型,
79W,國外,工業,,,,a.股票型,
79Y,國外,健康護理,,,,a.股票型,今年來報酬率大於10%
79Z,國外,其他,,,,a.股票型,今年來報酬率大於10%
804,國外,基礎工業,高收益債,,,b.債券型,
806,國外,基礎工業,高收益債,,,b.債券型,
80B,國外,能源,,,,a.股票型,
80C,國外,能源,,,,a.股票型,
80D,國外,必需消費品,,,,a.股票型,
80E,國外,必需消費品,,,,a.股票型,
80F,國外,必需消費品,,,,a.股票型,
80G,國外,必需消費品,,,,a.股票型,
80I,國外,電訊服務,,高風險,,a.股票型,今年來報酬率大於10%
80J,國外,電訊服務,,高風險,,a.股票型,今年來報酬率大於10%
80K,國外,電訊服務,,高風險,,a.股票型,今年來報酬率大於10%
80M,國外,不動產,,,,d.平衡型,
80N,國外,不動產,,,,d.平衡型,
80O,國外,不動產,,,,d.平衡型,
816,國外,通訊,,,,b.債券型,
817,國外,非循環性消費,,,,b.債券型,
819,國外,其他,高收益債,,,b.債券型,
81J,國外,其他,,高風險,,a.股票型,今年來報酬率大於10%
81P,國外,非必需消費品,,,,a.股票型,今年來報酬率大於10%
81U,國外,非必需消費品,,,,a.股票型,
81V,國外,健康護理,,,,a.股票型,
81X,國外,工業,,高風險,,a.股票型,今年來報酬率大於10%
81Y,國外,非必需消費品,,高風險,,a.股票型,今年來報酬率大於10%
820,國外,非循環性消費,高收益債,,,b.債券型,
821,國外,工業,,,,d.平衡型,
825,國外,定存,,,,c.貨幣型,
827,國外,定存,,,,c.貨幣型,
828,國外,定存,,,,c.貨幣型,
829,國外,消費品,,,,a.股票型,
82A,國外,必需消費品,,高風險,,a.股票型,
82B,國外,非必需消費品,,高風險,,a.股票型,今年來報酬率大於10%
82C,國外,非必需消費品,,高風險,,a.股票型,今年來報酬率大於10%
82D,國外,金融債券,,,,b.債券型,
82J,國外,政府債券,高收益債,,,b.債券型,
82K,國外,政府債券,高收益債,,,b.債券型,
82L,國外,政府債券,高收益債,,,b.債券型,
82M,國外,政府債券,高收益債,,,b.債券型,
82O,國外,金融債券,高收益債,,,b.債券型,
82P,國外,金融債券,高收益債,,,b.債券型,
82Q,國外,金融債券,高收益債,,,b.債券型,
82R,國外,金融債券,高收益債,,,b.債券型,
82S,國外,新興市場金融債券,高收益債,,,b.債券型,
82T,國外,新興市場金融債券,高收益債,,,b.債券型,
82U,國外,新興市場金融債券,高收益債,,,b.債券型,
82V,國外,新興市場金融債券,高收益債,,,b.債券型,
82W,國外,新興市場金融債券,高收益債,,,b.債券型,
82X,國外,其他,,,,b.債券型,
82Y,國外,菸草,,,,a.股票型,今年來報酬率大於10%
82Z,國外,菸草,,,,a.股票型,
830,國外,金融,,,,a.股票型,今年來報酬率大於10%
831,國外,消費服務,,,,a.股票型,今年來報酬率大於10%
832,國外,房地產,,高風險,,a.股票型,今年來報酬率大於10%
833,國外,健康護理,,,,a.股票型,
834,國外,機械,,,,a.股票型,
835,國外,健康護理,,,,a.股票型,
836,國外,健康護理,,,,a.股票型,今年來報酬率大於10%
837,國外,消費品,,,,a.股票型,今年來報酬率大於10%
838,國外,,,,,a.股票型,今年來報酬率大於10%
83A,國外,公債,高收益債,,,b.債券型,
83B,國外,公債,高收益債,,,b.債券型,
83F,國外,非民生必需品,,高風險,,a.股票型,今年來報酬率大於10%
83G,國外,非民生必需品,,高風險,,a.股票型,今年來報酬率大於10%
83H,國外,非民生必需品,,高風險,,a.股票型,今年來報酬率大於10%
83I,國外,非民生必需品,,高風險,,a.股票型,今年來報酬率大於10%
83J,國外,非民生必需品,,高風險,,a.股票型,今年來報酬率大於10%
83K,國外,非民生必需品,,高風險,,a.股票型,今年來報酬率大於10%
83N,國外,半主權,高收益債,,,b.債券型,
83T,國外,半主權,高收益債,,,b.債券型,
83U,國外,半主權,高收益債,,,b.債券型,
840,國外,消費服務,,,,a.股票型,今年來報酬率大於10%
841,國外,非核心消費,,,,a.股票型,
842,國外,零售貿易,,,,a.股票型,今年來報酬率大於10%
843,國外,金融,,,,a.股票型,
844,國外,金融,,高風險,,a.股票型,今年來報酬率大於10%
845,國外,原物料,,高風險,,a.股票型,今年來報酬率大於10%
846,國外,非核心消費,,高風險,,a.股票型,今年來報酬率大於10%
847,國外,金融,,,,a.股票型,今年來報酬率大於10%
848,國外,核心消費,,高風險,,a.股票型,今年來報酬率大於10%
850,國外,金融,,,,a.股票型,今年來報酬率大於10%
851,國外,核心消費,,,,a.股票型,
852,國外,金融,,,,a.股票型,
853,國外,資訊科技,,,,a.股票型,今年來報酬率大於10%
854,國外,非核心消費,,,,a.股票型,今年來報酬率大於10%
855,國外,其他,,,,a.股票型,今年來報酬率大於10%
856,國外,資訊科技,,,,a.股票型,
857,國外,資訊科技,,,,a.股票型,今年來報酬率大於10%
858,國外,其他,,,,a.股票型,
859,國外,其他,,,,a.股票型,
860,國外,原物料,,,,a.股票型,
861,國外,健康護理,,,,a.股票型,今年來報酬率大於10%
863,國外,資訊科技,,,,a.股票型,
865,國外,資訊科技,,高風險,,a.股票型,今年來報酬率大於10%
866,國外,其他產業,,,,a.股票型,今年來報酬率大於10%
867,國外,核心消費,,,,a.股票型,
868,國外,工業,,,,a.股票型,今年來報酬率大於10%
869,國外,原物料,,高風險,,a.股票型,
872,國外,原物料,,高風險,,a.股票型,今年來報酬率大於10%
873,國外,金融,,高風險,,a.股票型,今年來報酬率大於10%
877,國外,消費性耐久財,,,,a.股票型,
880,國外,現金及衍生性商品,高收益債,,,b.債券型,
881,國外,現金及其他,高收益債,,,b.債券型,
882,國外,現金及其他,高收益債,,,b.債券型,
885,國外,新興市場金融債券,高收益債,,,b.債券型,
A02,國外,資訊科技,,高風險,,a.股票型,今年來報酬率大於10%
A03,國外,健康護理,,,,a.股票型,
A06,國外,消費品,,,,a.股票型,
A07,國外,消費必需品,,,,a.股票型,
A27,國外,金融,,,,a.股票型,今年來報酬率大於10%
A29,國外,,高收益債,,,b.債券型,
A30,國外,金融,,,,a.股票型,
A32,國外,電訊,,,,a.股票型,今年來報酬率大於10%
A33,國外,健康護理,,,,a.股票型,今年來報酬率大於10%
A34,國外,媒體,高收益債,,,b.債券型,
A35,國外,媒體,高收益債,,,b.債券型,
A36,國外,,高收益債,,,b.債券型,
A37,國外,金融,,高風險,,a.股票型,今年來報酬率大於10%
A38,國外,可選消費品,,高風險,,a.股票型,今年來報酬率大於10%
A40,國外,消費必需品,,高風險,,a.股票型,今年來報酬率大於10%
A42,國外,可選消費品,,高風險,,a.股票型,今年來報酬率大於10%
A43,國外,可選消費品,,高風險,,a.股票型,今年來報酬率大於10%
A44,國外,工業,,,,a.股票型,
A45,國外,媒體,高收益債,,,b.債券型,
A46,國外,媒體,高收益債,,,b.債券型,
A47,國外,金融,,,,a.股票型,
A48,國外,消費服務,,,,a.股票型,
A49,國外,消費服務,,,,a.股票型,
AD1,國外,非必需消費,,,,a.股票型,今年來報酬率大於10%
AD2,國外,資訊科技,,,,a.股票型,今年來報酬率大於10%
AD3,國外,非必需消費,,,,a.股票型,今年來報酬率大於10%
AD4,國外,資訊科技,,,,a.股票型,今年來報酬率大於10%
AD8,國外,,,,,b.債券型,
AD9,國外,醫療,,,,a.股票型,
AE0,國外,必需消費,,,,a.股票型,今年來報酬率大於10%
AE2,國外,非必需消費,,,,a.股票型,今年來報酬率大於10%
AE3,國外,原物料,,高風險,,a.股票型,
AE5,國外,原物料,,高風險,,a.股票型,今年來報酬率大於10%
AE6,國外,非必需消費,,,,a.股票型,今年來報酬率大於10%
AE7,國外,原物料,,高風險,熱銷基金,a.股票型,今年來報酬率大於10%
AF3,國外,必需消費,,高風險,,a.股票型,今年來報酬率大於10%
AF4,國外,工業,,高風險,,a.股票型,今年來報酬率大於10%
AF5,國外,非必需消費,,高風險,,a.股票型,今年來報酬率大於10%
AF6,國外,,,,,d.平衡型,
AG0,國外,,,,,d.平衡型,
AI1,國內,,,,,a.股票型,
AI4,國內,,,,,c.貨幣型,
AI5,國內,,,,,e.組合型,
AI6,國內,,,,,e.組合型,
AI8,國內,,,,,e.組合型,
AI9,國內,原材料,,高風險,,a.股票型,
BL0,國內,,,高風險,,a.股票型,
BL1,國內,,,,,a.股票型,今年來報酬率大於10%
BL6,國內,,,,,c.貨幣型,
BM2,國內,,,,,g.指數型,
BM3,國內,現金,,,,e.組合型,
BM4,國內,黃金,,,,a.股票型,
BM6,國內,黃金,,,,a.股票型,
BM8,國內,現金,,高風險,,e.組合型,
BM9,國內,現金,,,,e.組合型,
BU0,國內,其他,,,,e.組合型,
BU1,國內,,,,,a.股票型,
BU6,國內,,,,,c.貨幣型,
C01,國外,健康醫療,,,,a.股票型,
C02,國外,工業,,高風險,,a.股票型,今年來報酬率大於10%
C07,國外,非必需消費品,,高風險,,a.股票型,今年來報酬率大於10%
C08,國外,工業,,高風險,,a.股票型,今年來報酬率大於10%
C12,國外,其他,,高風險,,a.股票型,今年來報酬率大於10%
C14,國外,工業,,,,a.股票型,今年來報酬率大於10%
C15,國外,,,,,b.債券型,
C17,國外,金融,,高風險,,a.股票型,今年來報酬率大於10%
C19,國外,歐洲高收益公司債券,高收益債,,,b.債券型,
C20,國外,必需消費品,,高風險,,a.股票型,
C21,國外,歐洲高收益公司債券,高收益債,,,b.債券型,
C23,國外,工業,,高風險,,a.股票型,今年來報酬率大於10%
C26,國外,非必需消費品,,高風險,,a.股票型,今年來報酬率大於10%
C27,國外,工業,,高風險,,a.股票型,
C28,國外,其他,,高風險,,a.股票型,今年來報酬率大於10%
C30,國外,工業,,,,a.股票型,今年來報酬率大於10%
C31,國外,,,,,b.債券型,
C33,國外,必需消費品,,高風險,,a.股票型,
C41,國外,歐洲高收益公司債券,高收益債,,,b.債券型,
C42,國外,歐洲高收益公司債券,高收益債,,,b.債券型,
C43,國外,工業商品,,,,a.股票型,今年來報酬率大於10%
CH3,國內,,,,,d.平衡型,
CH4,國內,,,高風險,,a.股票型,今年來報酬率大於10%
CH5,國內,,,高風險,,a.股票型,
CH6,國內,,,,,a.股票型,
CH8,國內,非必需消費,,高風險,,a.股票型,今年來報酬率大於10%
CI2,國內,,,,,a.股票型,
CI8,國內,能源,,高風險,,a.股票型,
CJ0,國內,現金/其他,,,,e.組合型,
CJ1,國內,,,,,a.股票型,今年來報酬率大於10%
CJ2,國內,,,,,a.股票型,
CJ3,國內,,,,,d.平衡型,
CJ4,國內,,,高風險,,a.股票型,今年來報酬率大於10%
CJ5,國內,,,高風險,,a.股票型,今年來報酬率大於10%
CJ8,國內,食品飲料與煙草,,,,a.股票型,今年來報酬率大於10%
CJ9,國內,醫療保健,,,,a.股票型,
CK0,國內,亞洲區海外債券基金,,,,e.組合型,
CK2,國內,工業,,,,a.股票型,
CK3,國內,REITS-辦公資產,,,,a.股票型,
CK6,國內,,,高風險,,a.股票型,
CS1,國內,,,,,a.股票型,今年來報酬率大於10%
CS5,國內,人民幣金融債券,高收益債,,,b.債券型,
CS6,國內,人民幣金融債券,高收益債,,,b.債券型,
CT0,國內,其他,,,,a.股票型,
CT3,國內,,,高風險,,a.股票型,今年來報酬率大於10%
CT4,國內,,,,,a.股票型,
CT8,國內,,,,,c.貨幣型,
CY1,國內,,,,,a.股票型,今年來報酬率大於10%
CY2,國內,,,,,a.股票型,
CY3,國內,,,高風險,,a.股票型,
CY4,國內,,,高風險,,a.股票型,
CY7,國內,,,,,d.平衡型,
CY8,國內,,,高風險,,a.股票型,
CZ0,國內,現金,,,,e.組合型,
CZ1,國內,,,,,a.股票型,
CZ2,國內,現金,,,,e.組合型,
CZ3,國內,,,,,a.股票型,今年來報酬率大於10%
CZ4,國內,公司債(有擔保),,,,d.平衡型,
CZ5,國內,科技,,高風險,,a.股票型,
CZ6,國內,銀行存款,,,,c.貨幣型,
CZ7,國內,,,高風險,,a.股票型,
CZ8,國內,,,高風險,,a.股票型,
CZ9,國內,,,高風險,,a.股票型,
D01,國外,資訊科技,,,,a.股票型,今年來報酬率大於10%
D02,國外,非必需消費,,,,a.股票型,今年來報酬率大於10%
D03,國外,證券化,,,,b.債券型,
D04,國外,健康護理,,,,a.股票型,
D05,國外,生命科學工具及服務,,,,a.股票型,
D10,國外,銅,,,,a.股票型,
D13,國外,工業,,,,a.股票型,今年來報酬率大於10%
D16,國外,證券化,,,,b.債券型,
DA1,國內,,,,,a.股票型,
DA2,國內,,,高風險,,a.股票型,
DA4,國內,,,,,c.貨幣型,
DA6,國內,,,高風險,,a.股票型,
DA7,國內,,,,,d.平衡型,
DW1,國內,化妝品及個人保健,,,,a.股票型,
DW4,國內,汽車及零件設備,,高風險,,a.股票型,
DW7,國內,亞洲高收益債,高收益債,,,e.組合型,
DW8,國內,亞洲高收益債,高收益債,,,e.組合型,
E21,國外,公司債-金融機構,高收益債,,,b.債券型,
E23,國外,公司債-金融機構,高收益債,,,b.債券型,
E24,國外,公司債-金融機購,,,,b.債券型,
E25,國外,公司債-金融機購,,,,b.債券型,
E26,國外,公司債-金融機購,,,,b.債券型,
E27,國外,公司債-金融機構,高收益債,,,b.債券型,
E29,國外,公司債-公用事業,高收益債,,,b.債券型,
E30,國外,公司債-公用事業,高收益債,,,b.債券型,
E51,國外,原物料,,高風險,,a.股票型,
E52,國外,原物料,,高風險,,a.股票型,
E53,國外,原物料,,高風險,,a.股票型,
E59,國外,非消費必需品,,,,a.股票型,
E60,國外,非消費必需品,,,,a.股票型,
E65,國外,資訊,,,,a.股票型,
E66,國外,資訊,,,,a.股票型,
E67,國外,資訊,,,,a.股票型,
E72,國外,非消費必需品,,高風險,,a.股票型,今年來報酬率大於10%
E74,國外,原物料,,高風險,,a.股票型,
E79,國外,公債,,,,b.債券型,
EM3,國內,現金,,,,a.股票型,
EN2,國內,,,,,a.股票型,今年來報酬率大於10%
EN8,國內,,,,,c.貨幣型,
EN9,國內,,,,,c.貨幣型,
EO0,國內,現金,,,,a.股票型,
F01,國外,消費品,,,,a.股票型,
F02,國外,金融,,,,a.股票型,今年來報酬率大於10%
F03,國外,消費服務,,,,a.股票型,今年來報酬率大於10%
F04,國外,非核心消費,,高風險,,a.股票型,今年來報酬率大於10%
F05,國外,房地產,,高風險,,a.股票型,今年來報酬率大於10%
F06,國外,健康護理,,,,a.股票型,
F07,國外,機械,,,,a.股票型,
F08,國外,健康護理,,,,a.股票型,
F09,國外,健康護理,,,,a.股票型,今年來報酬率大於10%
F0B,國外,其他,高收益債,,,b.債券型,
F0C,國外,銀行與證券,高收益債,,,b.債券型,
F0F,國外,金融,,高風險,,a.股票型,今年來報酬率大於10%
F0G,國外,金融,,高風險,,a.股票型,今年來報酬率大於10%
F0H,國外,非核心消費,,高風險,,a.股票型,今年來報酬率大於10%
F0I,國外,非循環性消費,高收益債,,,b.債券型,
F0J,國外,其他,高收益債,,,b.債券型,
F0K,國外,銀行與證券,高收益債,,,b.債券型,
F0L,國外,,高收益債,,,b.債券型,
F0M,國外,其他,高收益債,,,b.債券型,
F0N,國外,資訊科技,,,,a.股票型,今年來報酬率大於10%
F0O,國外,健康護理,,,,a.股票型,今年來報酬率大於10%
F0P,國外,健康護理,,,,a.股票型,
F0Q,國外,健康護理,,,,a.股票型,今年來報酬率大於10%
F0R,國外,健康護理,,,,a.股票型,
F0S,國外,健康護理,,,,a.股票型,
F0T,國外,其他,,,,a.股票型,
F0U,國外,非循環性消費,高收益債,,,b.債券型,
F0V,國外,健康護理,,,,a.股票型,
F0W,國外,消費品,,,,a.股票型,
F0X,國外,金融,,,,a.股票型,今年來報酬率大於10%
F0Y,國外,零售貿易,,,,a.股票型,今年來報酬率大於10%
F0Z,國外,金融,,高風險,,a.股票型,今年來報酬率大於10%
F10,國外,消費品,,,,a.股票型,今年來報酬率大於10%
F11,國外,,,,,a.股票型,今年來報酬率大於10%
F13,國外,消費服務,,,,a.股票型,今年來報酬率大於10%
F15,國外,非核心消費,,高風險,,a.股票型,今年來報酬率大於10%
F16,國外,非循環性消費,,,,b.債券型,
F17,國外,通訊,,,,b.債券型,
F18,國外,非循環性消費,,,,b.債券型,
F19,國外,,,,,b.債券型,
F1A,國外,房地產,,高風險,,a.股票型,今年來報酬率大於10%
F1B,國外,銀行與證券,高收益債,,,b.債券型,
F1C,國外,工業,,,,d.平衡型,
F1D,國外,健康護理,,,,a.股票型,今年來報酬率大於10%
F1E,國外,健康護理,,,,a.股票型,
F1F,國外,健康護理,,,,a.股票型,
F1G,國外,健康護理,,,,a.股票型,今年來報酬率大於10%
F1H,國外,非核心消費,,高風險,,a.股票型,今年來報酬率大於10%
F1I,國外,健康護理,,,,a.股票型,今年來報酬率大於10%
F1J,國外,機械,,,,a.股票型,
F1K,國外,消費服務,,,,a.股票型,今年來報酬率大於10%
F1M,國外,其他,,,,a.股票型,今年來報酬率大於10%
F1N,國外,健康護理,,,,a.股票型,今年來報酬率大於10%
F1O,國外,其他,,,,a.股票型,今年來報酬率大於10%
F21,國外,非核心消費,,,,a.股票型,
F22,國外,零售貿易,,,,a.股票型,今年來報酬率大於10%
F23,國外,金融,,,,a.股票型,
F24,國外,資訊科技,,高風險,,a.股票型,今年來報酬率大於10%
F25,國外,金融,,高風險,,a.股票型,今年來報酬率大於10%
F26,國外,原物料,,高風險,,a.股票型,今年來報酬率大於10%
F32,國外,定存,,,,c.貨幣型,
F34,國外,非核心消費,,高風險,,a.股票型,今年來報酬率大於10%
F35,國外,非核心消費,,高風險,,a.股票型,今年來報酬率大於10%
F36,國外,工業,,,,d.平衡型,
F37,國外,金融,,,,a.股票型,今年來報酬率大於10%
F38,國外,核心消費,,高風險,,a.股票型,今年來報酬率大於10%
F42,國外,金融,,,,a.股票型,今年來報酬率大於10%
F46,國外,核心消費,,,,a.股票型,
F47,國外,金融,,,,a.股票型,
F48,國外,定存,,,,c.貨幣型,
F49,國外,定存,,,,c.貨幣型,
F50,國外,資訊科技,,,,a.股票型,今年來報酬率大於10%
F51,國外,非核心消費,,,,a.股票型,今年來報酬率大於10%
F52,國外,其他,,,,a.股票型,今年來報酬率大於10%
F53,國外,資訊科技,,,,a.股票型,
F54,國外,其他,高收益債,,,b.債券型,
F56,國外,資訊科技,,,,a.股票型,今年來報酬率大於10%
F57,國外,其他,,,,a.股票型,
F58,國外,其他,,,,a.股票型,
F59,國外,原物料,,,,a.股票型,
F60,國外,非循環性消費,,,,b.債券型,
F61,國外,通訊,,,,b.債券型,
F62,國外,其他,高收益債,,,b.債券型,
F63,國外,健康護理,,,,a.股票型,今年來報酬率大於10%
F64,國外,非循環性消費,高收益債,,,b.債券型,
F65,國外,非循環性消費,高收益債,,,b.債券型,
F69,國外,健康護理,,,,a.股票型,
F70,國外,資訊科技,,高風險,,a.股票型,今年來報酬率大於10%
F71,國外,其他產業,,,,a.股票型,今年來報酬率大於10%
F72,國外,核心消費,,,,a.股票型,
F73,國外,工業,,,,a.股票型,今年來報酬率大於10%
F74,國外,未分類,,,,d.平衡型,
F75,國外,,高收益債,,,b.債券型,
F76,國外,,高收益債,,,b.債券型,
F77,國外,零售,,,,a.股票型,
F78,國外,零售,,,,a.股票型,
F79,國外,非核心消費,,高風險,,a.股票型,今年來報酬率大於10%
F80,國外,非核心消費,,高風險,,a.股票型,今年來報酬率大於10%
F81,國外,銀行與證券,高收益債,,,b.債券型,
F82,國外,銀行與證券,高收益債,,,b.債券型,
F83,國外,銀行與證券,高收益債,,,b.債券型,
F84,國外,,高收益債,,,b.債券型,
F85,國外,,高收益債,,,b.債券型,
F86,國外,非循環性消費,高收益債,,,b.債券型,
F87,國外,非核心消費,,高風險,,a.股票型,今年來報酬率大於10%
F88,國外,非核心消費,,高風險,,a.股票型,今年來報酬率大於10%
F89,國外,原物料,,高風險,,a.股票型,今年來報酬率大於10%
F90,國外,原物料,,高風險,,a.股票型,
F92,國外,原物料,,高風險,,a.股票型,
F93,國外,非核心消費,,,,a.股票型,今年來報酬率大於10%
F95,國外,非核心消費,,,,a.股票型,
F96,國外,非核心消費,,高風險,,a.股票型,今年來報酬率大於10%
F97,國外,非核心消費,,高風險,,a.股票型,今年來報酬率大於10%
F98,國外,非核心消費,,高風險,,a.股票型,今年來報酬率大於10%
F99,國外,非核心消費,,高風險,,a.股票型,今年來報酬率大於10%
FA2,國內,,,,,c.貨幣型,
FA5,國內,石油與天然氣探勘與生產,,,,a.股票型,
FA6,國內,農產品,,,,a.股票型,
FA7,國內,工業,高收益債,,,b.債券型,
FA8,國內,工業,高收益債,,,b.債券型,
FD5,國內,銀行與證券,高收益債,,,b.債券型,
FD6,國內,銀行與證券,高收益債,,,b.債券型,
FE0,國內,銀行與證券,高收益債,,,b.債券型,
FE1,國內,銀行與證券,高收益債,,,b.債券型,
FF0,國內,銀行與證券,高收益債,,,b.債券型,
FF1,國內,銀行與證券,高收益債,,,b.債券型,
FH1,國內,,高收益債,,,d.平衡型,
FH2,國內,,高收益債,,,d.平衡型,
FK0,國內,旅遊消費,,高風險,,a.股票型,
FK1,國內,,,,,a.股票型,
FK2,國內,美元約當現金,,,,e.組合型,
FK3,國內,約當現金,,,,e.組合型,
FK4,國內,生技醫療,,,,a.股票型,
FK5,國內,美元約當現金,,,,e.組合型,
FK6,國內,原物料,,,,e.組合型,
FK8,國內,美元約當現金,高收益債,,,e.組合型,
FK9,國內,美元約當現金,高收益債,,,e.組合型,
FKA,國內,約當現金及其他,高收益債,,,b.債券型,
FL0,國內,約當現金,,高風險,,a.股票型,
FL1,國內,,,高風險,,a.股票型,今年來報酬率大於10%
FL2,國內,,,高風險,,a.股票型,
FL3,國內,約當現金及其他,高收益債,,,b.債券型,
FL4,國內,約當現金及其他,高收益債,,,b.債券型,
FL5,國內,金融銀行,,,,b.債券型,
FL6,國內,金融銀行,,,,b.債券型,
FL7,國內,軍工,,高風險,,a.股票型,
FL8,國內,,,,,c.貨幣型,
FL9,國內,能源,高收益債,,,d.平衡型,
FM0,國內,能源,高收益債,,,d.平衡型,
FN0,國內,約當現金及其他,高收益債,,,b.債券型,
GH3,國內,,,高風險,,a.股票型,今年來報酬率大於10%
GH5,國內,,,高風險,,a.股票型,今年來報酬率大於10%
GH6,國內,,,高風險,,a.股票型,今年來報酬率大於10%
GH8,國內,非核心消費,,高風險,,a.股票型,今年來報酬率大於10%
GI2,國內,,,,,c.貨幣型,
GI3,國內,,,,,c.貨幣型,
GI4,國內,,,,,a.股票型,
GJ2,國內,現金,,,,a.股票型,
GJ3,國內,,,,,a.股票型,今年來報酬率大於10%
GJ4,國內,通訊/媒體,高收益債,,,b.債券型,
GJ5,國內,通訊/媒體,高收益債,,,b.債券型,
GJ8,國內,非核心消費,,高風險,熱銷基金,a.股票型,
GK0,國內,政府,,,,d.平衡型,
GK1,國內,政府,,,,d.平衡型,
GK2,國內,非循環性消費,高收益債,,,b.債券型,
GK3,國內,非循環性消費,高收益債,,,b.債券型,
GK4,國內,現金,,,,a.股票型,今年來報酬率大於10%
GK5,國內,現金,,,,a.股票型,
GO8,國內,,,,,c.貨幣型,
GP6,國內,能源,高收益債,,,b.債券型,
GP8,國內,環球新興市場企業債券型,高收益債,,,e.組合型,
GP9,國內,環球高收益債券型,高收益債,,,e.組合型,
GPA,國內,強勢貨幣新興市場債,高收益債,,,b.債券型,
GQ0,國內,環球高收益債券型,高收益債,,,e.組合型,
GQ1,國內,全球高收益債券,高收益債,高風險,,d.平衡型,
GQ2,國內,全球高收益債券,高收益債,高風險,,d.平衡型,
GQ3,國內,強勢貨幣新興市場債,高收益債,,,b.債券型,
GQ4,國內,強勢貨幣新興市場債,高收益債,,,b.債券型,
GQ5,國內,原物料,高收益債,,,d.平衡型,
GQ6,國內,原物料,高收益債,,,d.平衡型,
H01,國內,活期存款,,,,c.貨幣型,
H02,國內,,,,,a.股票型,今年來報酬率大於10%
H03,國內,,,,,a.股票型,今年來報酬率大於10%
H04,國內,,,,,d.平衡型,
H05,國內,,,高風險,,a.股票型,今年來報酬率大於10%
H06,國內,,,,,d.平衡型,
H07,國內,,,高風險,,a.股票型,今年來報酬率大於10%
H08,國內,活期存款,,,,c.貨幣型,
H10,國內,金融,,,,b.債券型,
H11,國內,,,,,d.平衡型,
H12,國內,選擇性消費,,,,d.平衡型,
H13,國內,,,,,d.平衡型,
H14,國內,現金/RP,高收益債,,,e.組合型,
H15,國內,,,,,a.股票型,今年來報酬率大於10%
H16,國內,工業,,,,d.平衡型,
H17,國內,高收益債券基金,高收益債,,,e.組合型,
H18,國內,流動資金,,高風險,,a.股票型,今年來報酬率大於10%
H19,國內,其他,,,,a.股票型,
H20,國內,其他,,,,a.股票型,
H21,國內,現金/RP,高收益債,,,e.組合型,
H22,國內,工業,,,,a.股票型,
H23,國內,原材料,,高風險,,a.股票型,
H24,國內,流動資產,,,,b.債券型,
H25,國內,流動資產,高收益債,,,e.組合型,
H26,國內,流動資金,,,,a.股票型,
H28,國內,非核心消費,,高風險,,a.股票型,
H29,國內,地產,,,,b.債券型,
H30,國內,其他,高收益債,,,b.債券型,
H31,國內,其他,高收益債,,,b.債券型,
H32,國內,房地產,,高風險,,a.股票型,
H33,國內,資訊技術,,,,a.股票型,
H34,國內,金融,,,,a.股票型,
H35,國內,政府,高收益債,,,b.債券型,
H36,國內,現金/RP,高收益債,,,e.組合型,
H37,國內,其他,,,,a.股票型,今年來報酬率大於10%
HS0,國外,能源,,高風險,,a.股票型,
HS1,國外,資訊科技,,高風險,,a.股票型,今年來報酬率大於10%
HS2,國外,,,,,a.股票型,
HS4,國外,物料,,,,a.股票型,今年來報酬率大於10%
HS8,國外,0-2年,,,,b.債券型,
IN1,國外,資訊科技,,,,a.股票型,
IN2,國外,資訊科技,,,,a.股票型,今年來報酬率大於10%
IN3,國外,石油及天然氣設備及服務,,,,a.股票型,
IN4,國外,非必需性消費品,,,,a.股票型,今年來報酬率大於10%
IN7,國外,高收益公司債,,,,b.債券型,
IO0,國外,,,,,b.債券型,
IO1,國外,現金,,,,c.貨幣型,
IO6,國外,鉑金,,高風險,,a.股票型,
IO7,國外,非必需性消費品,,,,a.股票型,今年來報酬率大於10%
IO8,國外,現金及期貨,,,,d.平衡型,
IP0,國外,現金,,,,c.貨幣型,
IP4,國外,,,,,b.債券型,
IP6,國外,高收益公司債,,,,b.債券型,
IP9,國外,現金及期貨,,,,d.平衡型,
IQ0,國外,資訊科技,,,,a.股票型,
IQ1,國外,非必需性消費品,,,,a.股票型,今年來報酬率大於10%
IQ3,國外,資訊科技,,,,a.股票型,今年來報酬率大於10%
IQ4,國外,石油及天然氣設備及服務,,,,a.股票型,
IQ6,國外,消費者服務,,,,a.股票型,
IQ7,國外,鉑金,,高風險,,a.股票型,
IQ8,國外,非必需性消費品,,,,a.股票型,今年來報酬率大於10%
IQ9,國外,非必需性消費品,,高風險,,a.股票型,今年來報酬率大於10%
IR0,國外,國庫券,,,,c.貨幣型,
IR1,國外,非必需性消費品,,高風險,,a.股票型,今年來報酬率大於10%
IR2,國外,國庫券,,,,c.貨幣型,
IR5,國外,現金,,,,b.債券型,
IR6,國外,現金,,,,b.債券型,
IR7,國外,整合石油及天然氣,,,,a.股票型,
IR8,國外,整合石油及天然氣,,,,a.股票型,
IS0,國外,健康護理,,,,a.股票型,今年來報酬率大於10%
IT0,國內,,,,,a.股票型,今年來報酬率大於10%
IT6,國內,,,高風險,,a.股票型,
IT7,國內,,,高風險,,a.股票型,今年來報酬率大於10%
IU1,國外,健康護理,,,,a.股票型,今年來報酬率大於10%
IU4,國外,投資級公司債,高收益債,,,b.債券型,
IU5,國外,投資級公司債,高收益債,,,b.債券型,
IU6,國外,,,,,b.債券型,
IU8,國外,,,,,b.債券型,
IU9,國外,,,,,b.債券型,
IV0,國外,投資級公司債,高收益債,,,b.債券型,
IV2,國外,投資級公司債,高收益債,,,b.債券型,
IV3,國外,投資級公司債,高收益債,,,b.債券型,
IV4,國外,現金及期貨,,,,d.平衡型,
IV5,國外,現金及期貨,,,,d.平衡型,
IV6,國外,現金及期貨,,,,d.平衡型,
IV7,國外,現金及期貨,,,,d.平衡型,
IV8,國外,現金及期貨,,,,d.平衡型,
IV9,國外,現金及期貨,,,,d.平衡型,
IW0,國外,石油及天然氣,高收益債,,,b.債券型,
IW1,國外,石油及天然氣,高收益債,,,b.債券型,
IW2,國外,石油及天然氣,高收益債,,,b.債券型,
IW3,國外,石油及天然氣,高收益債,,,b.債券型,
IW4,國外,石油及天然氣,高收益債,,,b.債券型,
IW5,國外,石油及天然氣,高收益債,,,b.債券型,
IW6,國外,石油及天然氣,高收益債,,,b.債券型,
IW7,國外,石油及天然氣,高收益債,,,b.債券型,
IW8,國外,工業,,,,a.股票型,今年來報酬率大於10%
IX1,國外,工業,,,,a.股票型,今年來報酬率大於10%
IX2,國外,工業,,,,a.股票型,今年來報酬率大於10%
IX3,國外,工業,,,,a.股票型,今年來報酬率大於10%
IX4,國外,工業,,,,a.股票型,今年來報酬率大於10%
IX5,國外,工業,,,,a.股票型,今年來報酬率大於10%
IX6,國外,資訊科技,,,,a.股票型,
IX7,國外,資訊科技,,,,a.股票型,
IY1,國外,健康護理,,,,a.股票型,今年來報酬率大於10%
IY2,國外,健康護理,,,,a.股票型,今年來報酬率大於10%
IY3,國外,健康護理,,,,a.股票型,今年來報酬率大於10%
IY5,國外,健康護理,,,,a.股票型,今年來報酬率大於10%
IY6,國外,健康護理,,,,a.股票型,今年來報酬率大於10%
IY7,國外,健康護理,,,,a.股票型,今年來報酬率大於10%
IY8,國外,健康護理,,,,a.股票型,今年來報酬率大於10%
IY9,國外,資訊科技,,,,a.股票型,今年來報酬率大於10%
IZ2,國外,資訊科技,,,,a.股票型,今年來報酬率大於10%
IZ4,國外,資訊科技,,,,a.股票型,
IZ6,國外,非必需性消費品,,,,a.股票型,今年來報酬率大於10%
IZ7,國外,非必需性消費品,,,,a.股票型,今年來報酬率大於10%
J00,國外,,,,,d.平衡型,
J01,國外,服務,,,,a.股票型,今年來報酬率大於10%
J07,國外,電訊服務,,高風險,,a.股票型,今年來報酬率大於10%
J08,國外,消費品,,高風險,,a.股票型,今年來報酬率大於10%
J0A,國外,歐洲股票,高收益債,,,d.平衡型,
J0C,國外,非循環性消費,高收益債,,,b.債券型,
J0D,國外,歐洲股票,高收益債,,,d.平衡型,
J0E,國外,流動資金,高收益債,,,b.債券型,
J0F,國外,流動資金,高收益債,,,b.債券型,
J0G,國外,流動資金,高收益債,,,b.債券型,
J0H,國外,流動資金,高收益債,,,b.債券型,
J0J,國外,消費品,,,,a.股票型,今年來報酬率大於10%
J0K,國外,銀行,,,,a.股票型,
J0L,國外,銀行,,,,a.股票型,
J0M,國外,金融,,,,a.股票型,今年來報酬率大於10%
J0O,國外,消費品,,,,a.股票型,今年來報酬率大於10%
J0P,國外,,,,,d.平衡型,
J0Q,國外,消費品,,,,a.股票型,
J0R,國外,消費品,,,,a.股票型,
J0S,國外,原物料,,高風險,,a.股票型,今年來報酬率大於10%
J0T,國外,醫療服務,,,,a.股票型,今年來報酬率大於10%
J0V,國外,,高收益債,,,b.債券型,
J0W,國外,,,,,b.債券型,
J0Y,國外,消費品,,,,a.股票型,今年來報酬率大於10%
J0Z,國外,服務,,,熱銷基金,a.股票型,今年來報酬率大於10%
J10,國外,消費品,,高風險,,a.股票型,今年來報酬率大於10%
J11,國外,不動產,,高風險,,a.股票型,今年來報酬率大於10%
J12,國外,民生用品,,高風險,,a.股票型,今年來報酬率大於10%
J13,國外,金融,,高風險,,a.股票型,今年來報酬率大於10%
J14,國外,,,高風險,,a.股票型,今年來報酬率大於10%
J15,國外,,,,,d.平衡型,
J17,國外,消費品,,高風險,,a.股票型,今年來報酬率大於10%
J1A,國外,其他,,,,a.股票型,
J1B,國外,其他,,,,a.股票型,
J1C,國外,其他,,,,a.股票型,
J1E,國外,貨幣,高收益債,,,d.平衡型,
J1F,國外,貨幣,高收益債,,,d.平衡型,
J1G,國外,金融,,,,a.股票型,今年來報酬率大於10%
J1H,國外,消費品,,,,a.股票型,
J1I,國外,消費品,,,,a.股票型,
J1J,國外,金融,,,,a.股票型,
J1K,國外,定期存款,,,,c.貨幣型,
J1L,國外,耐久財,,,,a.股票型,
J1N,國外,網路,,,,a.股票型,今年來報酬率大於10%
J1O,國外,健康護理,,,,a.股票型,
J1P,國外,原物料,,高風險,,a.股票型,
J1Q,國外,金融,,,,a.股票型,今年來報酬率大於10%
J1R,國外,民生用品,,高風險,,a.股票型,今年來報酬率大於10%
J1U,國外,貨幣,高收益債,,,d.平衡型,
J21,國外,消費品,,高風險,熱銷基金,a.股票型,今年來報酬率大於10%
J23,國外,其他,,,,a.股票型,今年來報酬率大於10%
J47,國外,消費品,,高風險,,a.股票型,今年來報酬率大於10%
J60,國外,金融服務,,,,a.股票型,今年來報酬率大於10%
J61,國外,工業,,高風險,,a.股票型,今年來報酬率大於10%
J62,國外,基本金屬,,,,a.股票型,
J63,國外,企業債,,,,b.債券型,
J64,國外,健康護理,,,,a.股票型,
J66,國外,其他,,,,a.股票型,今年來報酬率大於10%
J67,國外,消費品,,高風險,,a.股票型,
J68,國外,,高收益債,,,b.債券型,
J73,國外,非循環性消費,高收益債,,,b.債券型,
J76,國外,,高收益債,,,b.債券型,
J77,國外,非循環性消費,高收益債,,,b.債券型,
J78,國外,非循環性消費,高收益債,,,b.債券型,
J79,國外,消費品,,高風險,,a.股票型,今年來報酬率大於10%
J80,國外,消費品,,高風險,,a.股票型,今年來報酬率大於10%
J81,國外,消費品,,高風險,,a.股票型,今年來報酬率大於10%
J82,國外,消費品,,高風險,,a.股票型,今年來報酬率大於10%
J83,國外,消費品,,高風險,,a.股票型,今年來報酬率大於10%
J84,國外,金融,,高風險,,a.股票型,
J85,國外,,,,,b.債券型,
J86,國外,,,,,b.債券型,
J87,國外,基本金屬,,,,a.股票型,
J88,國外,,高收益債,,,b.債券型,
J89,國外,,高收益債,,,b.債券型,
J90,國外,企業債,,,,b.債券型,
J91,國外,資訊科技,,高風險,,a.股票型,今年來報酬率大於10%
J92,國外,電子,,,,b.債券型,
J93,國外,電子,,,,b.債券型,
J94,國外,企業債,,,,b.債券型,
J95,國外,房貸,,,,b.債券型,
J97,國外,歐洲股票,高收益債,,,d.平衡型,
J98,國外,歐洲股票,高收益債,,,d.平衡型,
J99,國外,歐洲股票,高收益債,,熱銷基金,d.平衡型,
JA1,國外,現金/與現金相等值,,,,a.股票型,
JA3,國外,醫療保健,,,,a.股票型,今年來報酬率大於10%
JA7,國外,醫療保健設備,,,,a.股票型,今年來報酬率大於10%
JA8,國外,醫療保健設備,,,,a.股票型,今年來報酬率大於10%
JA9,國外,美國工業,,,,d.平衡型,
JB1,國外,政府/機構,,,,b.債券型,
JB4,國外,商用不動產抵押貸款證券（CMBS）,高收益債,,,b.債券型,
JB5,國外,商用不動產抵押貸款證券（CMBS）,高收益債,,,b.債券型,
JC5,國外,醫療保健,,,,a.股票型,
JC6,國外,醫療保健,,,,a.股票型,
JC7,國外,其他,,,,a.股票型,今年來報酬率大於10%
JC8,國外,其他,,,,a.股票型,今年來報酬率大於10%
JC9,國外,工業,,,,a.股票型,
JD0,國外,工業,,,,a.股票型,
JD7,國外,醫療保健設備,,,,a.股票型,今年來報酬率大於10%
JD9,國外,美國工業,,,,a.股票型,
JE4,國外,商用不動產抵押貸款證券（CMBS）,高收益債,,,b.債券型,
JF1,國內,,,,,a.股票型,
JF2,國內,銀行,,,,a.股票型,
JF3,國內,,,高風險,,a.股票型,今年來報酬率大於10%
JF4,國內,網路軟體及服務,,高風險,,a.股票型,今年來報酬率大於10%
JF5,國內,半導體業,,高風險,,a.股票型,今年來報酬率大於10%
JF6,國內,電子零件及工具,,高風險,,a.股票型,今年來報酬率大於10%
JF7,國內,消費品,,,,a.股票型,
JF8,國內,,,高風險,,a.股票型,
JG0,國外,美國工業,,,,d.平衡型,
JJ0,國內,服務,,,,a.股票型,
JJ2,國內,,,,,d.平衡型,
JJ3,國內,,,,,c.貨幣型,
JJ6,國內,商業銀行,,,,d.平衡型,
JJ8,國內,消費品,,,,a.股票型,
JJ9,國內,商業銀行,,,,d.平衡型,
JS1,國外,消費品,,,,a.股票型,
K01,國內,,,,,c.貨幣型,
K04,國內,資本財,,高風險,,a.股票型,
K06,國內,能源,,高風險,,a.股票型,
K09,國內,,,高風險,,a.股票型,今年來報酬率大於10%
K11,國內,,,,,c.貨幣型,
K18,國內,,,,,a.股票型,
K19,國內,,,,,a.股票型,今年來報酬率大於10%
K20,國內,非必需性消費,,,,a.股票型,
K21,國內,,,,,d.平衡型,今年來報酬率大於10%
K22,國內,,,,,a.股票型,
K23,國內,,,,,a.股票型,今年來報酬率大於10%
K25,國內,醫療保健,,,,a.股票型,
K26,國內,工業,,,,a.股票型,
K27,國內,REITS-辦公資產,,,,a.股票型,
K28,國內,,,高風險,,a.股票型,
K31,國內,公用事業,,,,a.股票型,
K32,國內,非必需性消費,,高風險,,a.股票型,
K33,國內,原物料,,高風險,,a.股票型,
K35,國內,金融,,高風險,,a.股票型,
K36,國內,,,,,b.債券型,
K37,國內,,,,,b.債券型,
K38,國內,原物料,,高風險,,a.股票型,
K39,國內,現金/其他,高收益債,,,e.組合型,
K40,國內,現金/其他,高收益債,,,e.組合型,
K41,國內,原物料,,高風險,,a.股票型,今年來報酬率大於10%
K42,國內,食品飲料與煙草,,高風險,,a.股票型,
K43,國內,,高收益債,,,b.債券型,
K44,國內,,高收益債,,,b.債券型,
K46,國內,,高收益債,,,b.債券型,
K47,國內,,高收益債,,,b.債券型,
K48,國內,原物料,,,,a.股票型,
K49,國內,,,,,b.債券型,
KG3,國內,,,,,c.貨幣型,
L01,國外,生化科技,,,,a.股票型,今年來報酬率大於10%
L02,國外,醫療保健,,,,a.股票型,今年來報酬率大於10%
L03,國外,新興市場債-強勢貨幣,高收益債,,,b.債券型,
L04,國外,非核心消費品,,高風險,,a.股票型,今年來報酬率大於10%
L07,國外,半導體及半導體設備,,,,a.股票型,今年來報酬率大於10%
L0A,國外,通膨連結債券,,,,b.債券型,
L0B,國外,通膨連結債券,,,,b.債券型,
L0C,國外,新興市場債-當地貨幣,高收益債,,熱銷基金,b.債券型,
L0D,國外,新興市場債-強勢貨幣,高收益債,,,b.債券型,
L0E,國外,公司債,高收益債,,,b.債券型,今年來報酬率大於10%
L0F,國外,新興市場債-當地貨幣,高收益債,,,b.債券型,
L0G,國外,醫療保健,,,,a.股票型,
L0H,國外,醫療保健,,,,a.股票型,今年來報酬率大於10%
L0I,國外,醫療保健,,,,a.股票型,今年來報酬率大於10%
L0J,國外,醫療保健,,,,a.股票型,
L0K,國外,資產抵押擔保證券,高收益債,,,b.債券型,
L0L,國外,資產抵押擔保證券,高收益債,,,b.債券型,
L0M,國外,資產抵押擔保證券,高收益債,,,b.債券型,
L0N,國外,原物料,,高風險,,a.股票型,今年來報酬率大於10%
L0O,國外,非核心消費品,,高風險,,a.股票型,今年來報酬率大於10%
L0P,國外,非核心消費品,,高風險,,a.股票型,今年來報酬率大於10%
L0Q,國外,非核心消費品,,高風險,,a.股票型,今年來報酬率大於10%
L0R,國外,核心消費品,,高風險,,d.平衡型,今年來報酬率大於10%
L0S,國外,核心消費品,,高風險,,d.平衡型,今年來報酬率大於10%
L0T,國外,核心消費品,,高風險,,d.平衡型,今年來報酬率大於10%
L0U,國外,工業,,,,a.股票型,
L0V,國外,原物料,,,,a.股票型,今年來報酬率大於10%
L0Z,國外,醫療保健,,,,a.股票型,今年來報酬率大於10%
L13,國外,新興市場債-強勢貨幣,高收益債,,,b.債券型,
L14,國外,通膨連結債券,,,,b.債券型,
L15,國外,通膨連結債券,,,,b.債券型,
L16,國外,新興市場債-當地貨幣,高收益債,,,b.債券型,
L17,國外,新興市場債-當地貨幣,高收益債,,熱銷基金,b.債券型,
L1A,國外,高股息股票,,,,d.平衡型,
L1B,國外,高股息股票,,,,d.平衡型,
L1C,國外,高股息股票,,,,d.平衡型,
L1D,國外,高股息股票,,,,d.平衡型,
L1E,國外,工業,,,,a.股票型,
L1F,國外,工業,,,,a.股票型,
L1G,國外,核心消費品,高收益債,高風險,,d.平衡型,今年來報酬率大於10%
L1H,國外,原物料,,,,a.股票型,今年來報酬率大於10%
L1I,國外,工業,,,,a.股票型,
L1J,國外,金融,,,,a.股票型,今年來報酬率大於10%
L20,國外,多元化REITs,,,,a.股票型,
L29,國外,約當現金,高收益債,,,b.債券型,
L30,國外,約當現金,高收益債,,,b.債券型,
L31,國外,約當現金,高收益債,,,b.債券型,
L37,國外,醫療保健,,,,a.股票型,今年來報酬率大於10%
L38,國外,醫療保健,,,,a.股票型,
L39,國外,醫療保健,,,,a.股票型,
L40,國外,原物料,,,,a.股票型,今年來報酬率大於10%
L41,國外,原物料,,,,a.股票型,今年來報酬率大於10%
L42,國外,工業,,高風險,,a.股票型,今年來報酬率大於10%
L43,國外,新興市場債-當地貨幣,高收益債,,,b.債券型,
L44,國外,新興市場債-強勢貨幣,高收益債,,,b.債券型,
L45,國外,通膨連結債券,,,,b.債券型,
L46,國外,約當現金,高收益債,,,b.債券型,
L47,國外,公司債,高收益債,,,b.債券型,
L48,國外,公司債,高收益債,,,b.債券型,
L49,國外,公司債,高收益債,,,b.債券型,
L50,國外,非核心消費品,,高風險,,a.股票型,今年來報酬率大於10%
L51,國外,非核心消費品,,高風險,,a.股票型,今年來報酬率大於10%
L52,國外,工業,,,,a.股票型,
L53,國外,工業,,,,a.股票型,
L54,國外,工業,,,,a.股票型,
L55,國外,新興市場債-當地貨幣,高收益債,,,b.債券型,
L56,國外,新興市場債-當地貨幣,高收益債,,,b.債券型,
L57,國外,金融,,,,a.股票型,今年來報酬率大於10%
L58,國外,金融,,,,a.股票型,今年來報酬率大於10%
L59,國外,醫療保健,,,,a.股票型,今年來報酬率大於10%
L60,國外,公司債,高收益債,,,b.債券型,
L61,國外,公司債,高收益債,,,b.債券型,
L62,國外,通膨連結債券,,,,b.債券型,
L64,國外,公司債,高收益債,,,b.債券型,
L65,國外,非核心消費品,,高風險,,a.股票型,今年來報酬率大於10%
L66,國外,新興市場債-強勢貨幣,高收益債,,,b.債券型,
L67,國外,非核心消費品,,,,a.股票型,今年來報酬率大於10%
L68,國外,非核心消費品,,,,a.股票型,今年來報酬率大於10%
L69,國外,金融,,,,a.股票型,今年來報酬率大於10%
L70,國外,工業,,,,a.股票型,
L71,國外,通膨連結債券,,,,b.債券型,
L72,國外,新興市場債-強勢貨幣,高收益債,,,b.債券型,
L73,國外,約當現金,高收益債,,,b.債券型,
L74,國外,約當現金,高收益債,,,b.債券型,
L75,國外,新興市場債-當地貨幣,高收益債,,,b.債券型,
L76,國外,原物料,,高風險,,a.股票型,今年來報酬率大於10%
L77,國外,原物料,,高風險,,a.股票型,
L78,國外,原物料,,高風險,,a.股票型,今年來報酬率大於10%
L79,國外,原物料,,高風險,,a.股票型,今年來報酬率大於10%
L80,國外,原物料,,高風險,,a.股票型,今年來報酬率大於10%
L81,國外,原物料,,高風險,,a.股票型,今年來報酬率大於10%
L82,國外,原物料,,高風險,,a.股票型,今年來報酬率大於10%
L83,國外,原物料,,高風險,,a.股票型,今年來報酬率大於10%
L84,國外,工業,,,,a.股票型,
L85,國外,金融,,,,a.股票型,
L87,國外,新興市場債-當地貨幣,高收益債,,,b.債券型,
L88,國外,新興市場債-強勢貨幣,高收益債,,,b.債券型,
L89,國外,公司債,高收益債,,,b.債券型,
L90,國外,通膨連結債券,,,,b.債券型,
L91,國外,新興市場債-當地貨幣,高收益債,,熱銷基金,b.債券型,
L92,國外,新興市場債-當地貨幣,高收益債,,,b.債券型,
L93,國外,約當現金,高收益債,,,b.債券型,
L94,國外,約當現金,高收益債,,,b.債券型,
L95,國外,約當現金,高收益債,,,b.債券型,
L96,國外,新興市場債-強勢貨幣,高收益債,,,b.債券型,
L97,國外,新興市場債-強勢貨幣,高收益債,,,b.債券型,
L98,國外,公司債,高收益債,,,b.債券型,
L99,國外,公司債,高收益債,,,b.債券型,
M05,國外,能源,,,,a.股票型,
M06,國外,工業,,,,a.股票型,今年來報酬率大於10%
M09,國外,資本貨物,,,,a.股票型,今年來報酬率大於10%
M16,國外,互聯網和直銷零售,,,,a.股票型,今年來報酬率大於10%
M20,國外,工業,,高風險,,a.股票型,今年來報酬率大於10%
M21,國外,資訊科技,,,,a.股票型,今年來報酬率大於10%
M23,國外,非消費必需品,,高風險,,a.股票型,今年來報酬率大於10%
M25,國外,醫療保健提供商與服務,,,,a.股票型,
M30,國外,準國債及海外政府債券,高收益債,,,b.債券型,
M33,國外,,,,,c.貨幣型,
M35,國外,,,,,b.債券型,
M36,國外,,,,,b.債券型,
M37,國外,健康護理,,高風險,,a.股票型,今年來報酬率大於10%
M38,國外,原物料,,,,a.股票型,今年來報酬率大於10%
M40,國外,準國債及海外政府債券,高收益債,,,b.債券型,
M41,國外,現金,高收益債,,,b.債券型,
M42,國外,現金,高收益債,,,b.債券型,
M43,國外,電力公用事業,,,,a.股票型,
M44,國外,能源,,,,a.股票型,今年來報酬率大於10%
M45,國外,能源,,,,a.股票型,
M48,國外,金融,,,,a.股票型,
M55,國外,準國債及海外政府債券,高收益債,,,b.債券型,
M62,國外,住宅,,,,a.股票型,
M64,國外,原物料,,高風險,,a.股票型,今年來報酬率大於10%
M65,國外,,,,,a.股票型,
M66,國外,非消費必需品,,,,a.股票型,今年來報酬率大於10%
M67,國外,非消費必需品,,,,a.股票型,
M69,國外,現金,,,,b.債券型,
M70,國外,現金,,,,b.債券型,
M72,國外,現金,,,,b.債券型,
M74,國外,金融,,高風險,,a.股票型,今年來報酬率大於10%
M75,國外,消費必需品,,高風險,,a.股票型,今年來報酬率大於10%
M76,國外,運輸,,高風險,,a.股票型,今年來報酬率大於10%
M77,國外,運輸,,高風險,,a.股票型,今年來報酬率大於10%
M80,國外,房地產,,,,d.平衡型,
M83,國外,消費必需品,,,,b.債券型,
M86,國外,房地產,,,,d.平衡型,
M87,國外,房地產,,,,d.平衡型,
M88,國外,能源,,,,a.股票型,
M89,國外,原物料,,,,a.股票型,今年來報酬率大於10%
M90,國外,電力公用事業,,,,a.股票型,
MB0,國外,石油服務,,,熱銷基金,a.股票型,
MB1,國外,石油服務,,,,a.股票型,
MB2,國外,資本市場,,,,a.股票型,今年來報酬率大於10%
MB3,國外,資本市場,,,,a.股票型,
MB4,國外,生物技術,,,熱銷基金,a.股票型,今年來報酬率大於10%
MB5,國外,生物技術,,,,a.股票型,
MB6,國外,非必需消費品,,,,a.股票型,
MB8,國外,金融,,,,a.股票型,今年來報酬率大於10%
MB9,國外,金融,,,,a.股票型,今年來報酬率大於10%
MC1,國外,非必需消費品,,高風險,,a.股票型,今年來報酬率大於10%
MC2,國外,原物料,,高風險,,a.股票型,今年來報酬率大於10%
MC3,國外,原物料,,高風險,,a.股票型,
MC4,國外,原物料,,高風險,,a.股票型,
MC5,國外,現金及衍生性商品,高收益債,,,b.債券型,
MC6,國外,現金及衍生性商品,高收益債,,,b.債券型,
ML2,國外,非必需消費品,,,,a.股票型,今年來報酬率大於10%
ML3,國外,非必需消費品,,,,a.股票型,
ML8,國外,金融,,,,a.股票型,今年來報酬率大於10%
ML9,國外,金融,,,,a.股票型,
MS3,國外,資訊科技,,,,a.股票型,今年來報酬率大於10%
MS4,國外,金融,,,,a.股票型,
MS6,國外,非必需消費品,,高風險,,a.股票型,今年來報酬率大於10%
MS8,國外,證券,,,,b.債券型,
MS9,國外,證券,,,,b.債券型,
MT4,國外,資訊科技,,,,a.股票型,
MT5,國外,金融,,,,a.股票型,
MT7,國外,非必需消費品,,,,a.股票型,今年來報酬率大於10%
MT8,國外,電訊,,高風險,,a.股票型,今年來報酬率大於10%
MT9,國外,電訊,,高風險,,a.股票型,
MU1,國外,非必需消費品,,,,a.股票型,今年來報酬率大於10%
MU2,國外,非必需消費品,,,,a.股票型,今年來報酬率大於10%
MU5,國外,鑽石,,高風險,,a.股票型,
MU6,國外,鑽石,,高風險,,a.股票型,
MU7,國外,銅,,,熱銷基金,a.股票型,
MU8,國外,銅,,,,a.股票型,
MV1,國外,證券,,,,b.債券型,
MV2,國外,證券,,,,b.債券型,
MV5,國外,金融抵押債券,,,,b.債券型,
MV6,國外,金融抵押債券,,,,b.債券型,
MV7,國外,金融抵押債券,,,,b.債券型,
MV8,國外,金融抵押債券,,,,b.債券型,
MV9,國外,加拿大,高收益債,,,b.債券型,
MW1,國外,加拿大,高收益債,,,b.債券型,
MW2,國外,加拿大,高收益債,,,b.債券型,
MW3,國外,加拿大,高收益債,,,b.債券型,
MW5,國外,金融企業商業票據,,,,c.貨幣型,
MW6,國外,原物料,,高風險,,a.股票型,今年來報酬率大於10%
MW7,國外,原物料,,高風險,,a.股票型,
MW8,國外,資訊科技,,,,a.股票型,
MW9,國外,資訊科技,,,,a.股票型,
MX0,國外,資訊科技,,,,a.股票型,
MX1,國外,醫療保健,,,,a.股票型,今年來報酬率大於10%
MX2,國外,非必須消費品,,,,a.股票型,今年來報酬率大於10%
MX3,國外,非必須消費品,,,,a.股票型,
MX4,國外,非必須消費品,,,,a.股票型,今年來報酬率大於10%
MX5,國外,科技硬體設備,,,,a.股票型,今年來報酬率大於10%
MX6,國外,科技硬體設備,,,,a.股票型,今年來報酬率大於10%
MX7,國外,科技硬體設備,,,,a.股票型,今年來報酬率大於10%
MY0,國外,投資級工業,,,,b.債券型,
MY1,國外,投資級工業,,,,b.債券型,
MY2,國外,,,,,b.債券型,
MY3,國外,,,,,b.債券型,
MY5,國外,現金及衍生性商品,高收益債,,,b.債券型,
MY6,國外,現金及衍生性商品,高收益債,,,b.債券型,
MY9,國外,資訊科技,,,,a.股票型,
MZ0,國外,非必須消費品,,,,a.股票型,
MZ2,國外,非必需消費品,,,,d.平衡型,
MZ3,國外,非必需消費品,,,,d.平衡型,
MZ6,國外,資訊科技,,,,a.股票型,
MZ7,國外,資訊科技,,,,a.股票型,
MZ8,國外,可再生能源技術,,,,a.股票型,今年來報酬率大於10%
MZ9,國外,可再生能源技術,,,,a.股票型,
N00,國外,通訊服務,高收益債,,,b.債券型,
N02,國外,通訊服務,高收益債,,,b.債券型,
N03,國外,通訊服務,高收益債,,,b.債券型,
N04,國外,通訊服務,高收益債,,,b.債券型,
N05,國外,通訊服務,高收益債,,,b.債券型,
N06,國外,基礎建設,,,,a.股票型,
N07,國外,基礎建設,,,,a.股票型,
N08,國外,基礎建設,,,,a.股票型,
N09,國外,資訊科技,,,,a.股票型,
N10,國外,醫療保健,,,,a.股票型,
N11,國外,醫療保健,,,,a.股票型,今年來報酬率大於10%
N12,國外,基礎建設,,,,a.股票型,
N13,國外,基礎建設,,,,a.股票型,
N14,國外,基礎建設,,,,a.股票型,
N21,國外,通訊服務,高收益債,,,b.債券型,
N22,國外,通訊服務,高收益債,,,b.債券型,
N23,國外,通訊服務,高收益債,,,b.債券型,
N30,國外,通訊服務,高收益債,,,b.債券型,
N31,國外,通訊服務,高收益債,,,b.債券型,
N32,國外,通訊服務,高收益債,,,b.債券型,
N33,國外,通訊服務,高收益債,,,b.債券型,
N34,國外,基礎建設,,,,a.股票型,
N35,國外,資訊科技,,,,a.股票型,
O01,國外,科技,,高風險,,a.股票型,今年來報酬率大於10%
O02,國外,科技,,高風險,,a.股票型,今年來報酬率大於10%
O05,國外,非週期性消費,,,,a.股票型,
O06,國外,非週期性消費,,,,a.股票型,今年來報酬率大於10%
O08,國外,,,高風險,,a.股票型,今年來報酬率大於10%
O14,國外,,,高風險,,a.股票型,
O23,國外,國家債券,,,,d.平衡型,
O26,國外,基本物料,,高風險,,a.股票型,
O28,國外,基本物料,,高風險,,a.股票型,
O32,國外,週期性消費,,高風險,,a.股票型,今年來報酬率大於10%
O54,國外,週期性消費,,高風險,,a.股票型,今年來報酬率大於10%
P02,國內,,,高風險,,a.股票型,今年來報酬率大於10%
P03,國內,,,,,a.股票型,今年來報酬率大於10%
P05,國內,,,,,a.股票型,今年來報酬率大於10%
P08,國內,,,高風險,,a.股票型,今年來報酬率大於10%
P11,國內,,,高風險,,a.股票型,今年來報酬率大於10%
P12,國內,醫療保健,,,,a.股票型,
P13,國內,,,,,d.平衡型,
P15,國內,,,,,c.貨幣型,
P16,國內,景氣循環性消費,,,,a.股票型,
P21,國內,景氣循環性消費,,高風險,,a.股票型,今年來報酬率大於10%
P23,國內,工業,,高風險,,a.股票型,
P24,國內,多元類型不動產REITS,,高風險,,a.股票型,
P25,國內,多元類型不動產REITS,,高風險,,a.股票型,
P27,國內,金融,,高風險,,a.股票型,
P28,國內,能源,,高風險,,a.股票型,
P29,國內,現金及約當現金,高收益債,,,b.債券型,
P30,國內,現金及約當現金,高收益債,,,b.債券型,
P31,國內,通訊,,高風險,,a.股票型,
PD0,國內,,,,,c.貨幣型,
PD1,國內,,,,,a.股票型,今年來報酬率大於10%
PD2,國內,,,高風險,,a.股票型,今年來報酬率大於10%
Q10,國內,,,,,a.股票型,
Q11,國內,,,高風險,,a.股票型,
Q12,國內,,,,,d.平衡型,
Q13,國內,,,,,a.股票型,
Q14,國內,,,高風險,,a.股票型,今年來報酬率大於10%
Q19,國內,,,,,a.股票型,
Q22,國內,,,,,c.貨幣型,
Q23,國內,現金,,,,a.股票型,
Q26,國內,工業,,高風險,,a.股票型,今年來報酬率大於10%
R09,國外,現金,,高風險,,a.股票型,
R10,國外,現金,,高風險,,a.股票型,
R11,國外,醫療服務,,,,a.股票型,今年來報酬率大於10%
R12,國外,醫療服務,,,,a.股票型,今年來報酬率大於10%
RU0,國外,非必需消費品,,,,d.平衡型,
RU1,國外,非必需消費品,,,,d.平衡型,
RU2,國外,非必需消費品,,,,d.平衡型,
RU3,國外,非必需消費品,,,,d.平衡型,
RU4,國外,資訊科技,,高風險,,a.股票型,今年來報酬率大於10%
RU5,國外,資訊科技,,高風險,,a.股票型,今年來報酬率大於10%
RU6,國外,資訊科技,,,,a.股票型,今年來報酬率大於10%
RU7,國外,新興市場債券,高收益債,,,b.債券型,
RU8,國外,新興市場債券,高收益債,,,b.債券型,
RU9,國外,工業,,,,a.股票型,
S47,國外,金融,,,,a.股票型,
S49,國外,工業,,,,a.股票型,今年來報酬率大於10%
S51,國外,非民生必需品,,,,a.股票型,今年來報酬率大於10%
S52,國外,金融,,,,a.股票型,今年來報酬率大於10%
S53,國外,消費服務,,,,a.股票型,
S54,國外,石油天然氣,,,,a.股票型,今年來報酬率大於10%
S56,國外,資訊與通訊,,,,a.股票型,
S57,國外,服務,,,,a.股票型,今年來報酬率大於10%
S58,國外,非民生必需品,,高風險,,a.股票型,今年來報酬率大於10%
S61,國外,金融機構,,,,b.債券型,
S62,國外,現金,,,,b.債券型,
S63,國外,衍生性金融商品,,,,b.債券型,
S64,國外,美國國庫券,,,,b.債券型,
S65,國外,民生必需品,,高風險,,a.股票型,今年來報酬率大於10%
S66,國外,工業,,,,b.債券型,
S71,國外,工業,,,,a.股票型,今年來報酬率大於10%
S73,國外,美國國庫券,,,,b.債券型,
S74,國外,現金,,,,b.債券型,
S75,國外,金融機構,,,,b.債券型,
S76,國外,機構債券,,,,b.債券型,
S80,國外,工業,,高風險,,a.股票型,今年來報酬率大於10%
S81,國外,民生必需品,,高風險,,a.股票型,
S83,國外,公用事業,,,,b.債券型,
S85,國外,美國國庫券,,,,b.債券型,
S87,國外,金融機構,,,,c.貨幣型,
S88,國外,金融,,高風險,,a.股票型,今年來報酬率大於10%
S91,國外,其他,,,,a.股票型,
S93,國外,消費品,,,,a.股票型,今年來報酬率大於10%
S94,國外,消費品,,,,a.股票型,今年來報酬率大於10%
S96,國外,現金,,,,b.債券型,
S97,國外,現金,,,,b.債券型,
SA5,國外,工業,,,,a.股票型,今年來報酬率大於10%
SA6,國外,工業,,,,a.股票型,今年來報酬率大於10%
SA7,國外,健康護理,,,,a.股票型,今年來報酬率大於10%
SA8,國外,資訊科技,,,,a.股票型,
SA9,國外,資訊科技,,,,a.股票型,
SB0,國外,,,,,b.債券型,
SB1,國外,健康護理,,,,a.股票型,
SB2,國外,金融,,,,a.股票型,
SB5,國外,健康護理,,,,a.股票型,
SB6,國外,金融,,,,a.股票型,
SB9,國外,,,,,b.債券型,
SC0,國外,原物料,,高風險,,a.股票型,今年來報酬率大於10%
SC1,國外,原物料,,高風險,,a.股票型,
SD7,國外,健康護理,,,,a.股票型,
SD8,國外,金融,,,,a.股票型,
SU5,國內,,,,,c.貨幣型,
T03,國外,非必需消費,,高風險,,a.股票型,今年來報酬率大於10%
T07,國外,工業,,高風險,,a.股票型,今年來報酬率大於10%
T09,國外,工業,,高風險,,a.股票型,
T11,國外,工業,,高風險,,a.股票型,
T13,國外,金融,,高風險,,a.股票型,今年來報酬率大於10%
T22,國外,工業,,,,a.股票型,今年來報酬率大於10%
T27,國外,流動資金,,,,d.平衡型,今年來報酬率大於10%
T29,國外,必需消費,,,,a.股票型,
T30,國外,原物料,,高風險,,a.股票型,今年來報酬率大於10%
T31,國外,原物料,,高風險,,a.股票型,
T32,國外,工業,,高風險,,a.股票型,今年來報酬率大於10%
T33,國外,非必需消費,,高風險,,a.股票型,今年來報酬率大於10%
T34,國外,健康護理,高收益債,,熱銷基金,d.平衡型,
T35,國外,健康護理,高收益債,,,d.平衡型,
T36,國外,健康護理,高收益債,,,d.平衡型,
T37,國外,健康護理,高收益債,,,d.平衡型,
T38,國外,健康護理,高收益債,,,d.平衡型,
TA6,國內,金融,,,,a.股票型,
TA7,國內,農業機械,,,,a.股票型,
TA8,國內,能源,,高風險,,a.股票型,
TC0,國內,,,高風險,,a.股票型,今年來報酬率大於10%
TC3,國內,,,,,a.股票型,
TS0,國內,,,,,c.貨幣型,
TS5,國內,,,,,a.股票型,今年來報酬率大於10%
TT0,國內,原物料,,高風險,,a.股票型,
TT1,國內,,,,,a.股票型,今年來報酬率大於10%
TT3,國內,,,高風險,,a.股票型,今年來報酬率大於10%
TT5,國內,流動資金,,,,a.股票型,
TT7,國內,,,,,b.債券型,
TT8,國內,非必需消費,,高風險,,a.股票型,今年來報酬率大於10%
U01,國內,,,,,a.股票型,今年來報酬率大於10%
U02,國內,,,高風險,,a.股票型,今年來報酬率大於10%
U03,國內,,,高風險,,a.股票型,今年來報酬率大於10%
U04,國內,,,,,a.股票型,今年來報酬率大於10%
U05,國內,,,高風險,,a.股票型,
U07,國內,,,,,a.股票型,今年來報酬率大於10%
U08,國內,,,,,a.股票型,今年來報酬率大於10%
U09,國內,,,,,a.股票型,今年來報酬率大於10%
U10,國內,,,,,a.股票型,今年來報酬率大於10%
U14,國內,,,,,c.貨幣型,
U2A,國內,,高收益債,,,b.債券型,
U2B,國內,,高收益債,,,b.債券型,
UC5,國內,,高收益債,,,b.債券型,
UC6,國內,,高收益債,,,b.債券型,
UC7,國內,,高收益債,,,b.債券型,
UC8,國內,,高收益債,,,b.債券型,
UCA,國內,,高收益債,,,b.債券型,
UCB,國內,,高收益債,,,b.債券型,
UD1,國內,,,,,a.股票型,
UD2,國內,,,,,a.股票型,今年來報酬率大於10%
UD3,國內,,,,,a.股票型,
UD4,國內,,,高風險,,a.股票型,
UD5,國內,,,,,a.股票型,
UD6,國內,,,高風險,,a.股票型,今年來報酬率大於10%
UD7,國內,,,,,a.股票型,
UD8,國內,,,高風險,,a.股票型,
UF0,國內,醫療保健設備與用品,,,,a.股票型,
UF1,國內,,,高風險,,a.股票型,
UF2,國內,,,,,a.股票型,
UF3,國內,,,高風險,,a.股票型,今年來報酬率大於10%
UF4,國內,非核心消費,,高風險,,a.股票型,今年來報酬率大於10%
UF5,國內,,,高風險,,a.股票型,
UF6,國內,,,,,a.股票型,
UF8,國內,,,,,d.平衡型,
UG0,國內,公用事業,,,,b.債券型,
UG3,國內,,,,,a.股票型,
UG5,國內,,,,,c.貨幣型,
UG6,國內,非核心消費,,,,a.股票型,
UH0,國內,公用事業,,,,b.債券型,
UH4,國內,,,,,e.組合型,
UH5,國內,化學製品,,,,a.股票型,
UH6,國內,能源,,,,a.股票型,
UH7,國內,現金,,,,a.股票型,
UH9,國內,核心消費,,高風險,,a.股票型,
UN2,國內,,,高風險,,a.股票型,
UN8,國內,汽車及零件設備,,高風險,熱銷基金,g.指數型,
US0,國內,,,,,c.貨幣型,
UU7,國內,其他,,高風險,,a.股票型,
UV0,國內,,,,,c.貨幣型,
UV4,國內,金融,,高風險,,a.股票型,
UV7,國內,公用事業,,,,a.股票型,
UW2,國內,農產品,,,,a.股票型,
UW4,國內,現金,,高風險,,a.股票型,
UW5,國內,非日常生活消費品,,高風險,,a.股票型,今年來報酬率大於10%
UW6,國內,非日常生活消費品,,高風險,,a.股票型,今年來報酬率大於10%
UW8,國內,工業,,高風險,,a.股票型,今年來報酬率大於10%
UX2,國內,現金,高收益債,,,b.債券型,
UX4,國內,,高收益債,,,b.債券型,
UX5,國內,,高收益債,,,b.債券型,
V01,國外,,,,熱銷基金,a.股票型,今年來報酬率大於10%
V03,國外,,,,,a.股票型,今年來報酬率大於10%
V08,國外,原物料,,,,a.股票型,今年來報酬率大於10%
V09,國外,非必需性消費業,,高風險,,a.股票型,今年來報酬率大於10%
V15,國外,原物料,,,,a.股票型,
V17,國外,非必需性消費業,,,,a.股票型,
V18,國外,主權債/超國家組織,,,,b.債券型,
V19,國外,公司債-金融業,,,,b.債券型,
V20,國外,其他,高收益債,,,b.債券型,
V21,國外,,,,,c.貨幣型,
V22,國外,,,,,c.貨幣型,
V24,國外,,,,,c.貨幣型,
V27,國外,,,,,c.貨幣型,
V30,國外,金融業,,,,a.股票型,
V32,國外,,,,,a.股票型,
V34,國外,,,,,d.平衡型,
V36,國外,,,,,d.平衡型,
V37,國外,,,,,d.平衡型,
V38,國外,,高收益債,,,b.債券型,
V39,國外,,,,,b.債券型,
V40,國外,,,,,b.債券型,
V41,國外,,,,,b.債券型,
V43,國外,歐洲股票(英國除外),,,,d.平衡型,
V44,國外,歐洲股票(英國除外),,,,d.平衡型,
V45,國外,醫療保健業,,,,a.股票型,今年來報酬率大於10%
V46,國外,現金及當約現金,高收益債,,,b.債券型,
V47,國外,非必需性消費業,,,,a.股票型,今年來報酬率大於10%
V48,國外,,高收益債,,,b.債券型,
V53,國外,非必需性消費業,,高風險,,a.股票型,
V54,國外,其他,高收益債,,,b.債券型,
V55,國外,非必需性消費業,,高風險,,a.股票型,今年來報酬率大於10%
V56,國外,能源業,,,,a.股票型,
V59,國外,現金及當約現金,高收益債,,,b.債券型,
V60,國外,,高收益債,,,b.債券型,
V61,國外,,高收益債,,,b.債券型,
V64,國外,其他,高收益債,,,b.債券型,
V65,國外,其他,高收益債,,,b.債券型,
V66,國外,能源業,,高風險,,a.股票型,今年來報酬率大於10%
V68,國外,能源業,,高風險,,a.股票型,今年來報酬率大於10%
V69,國外,,,,,d.平衡型,
V71,國外,金融業,,,,a.股票型,
V72,國外,金融業,,,,a.股票型,
V74,國外,其他,高收益債,,,b.債券型,
V75,國外,其他,高收益債,,,b.債券型,
W01,國內,,,,,a.股票型,
W06,國內,,,高風險,,a.股票型,
W07,國內,,,高風險,,a.股票型,
W12,國內,,,,,c.貨幣型,
X01,國外,,,高風險,熱銷基金,a.股票型,
X03,國外,健康醫療,,,,a.股票型,今年來報酬率大於10%
X04,國外,石油與天然氣儲存及運輸,,,,a.股票型,
X05,國外,消費性耐久財,,,,a.股票型,今年來報酬率大於10%
X07,國外,銀行業,,,,a.股票型,
X08,國外,醫療設備及服務業,,,,a.股票型,
X12,國外,生技製藥和生命科學,,,,a.股票型,
X13,國外,能源,,,,a.股票型,
X14,國外,生技製藥和生命科學,,,,a.股票型,今年來報酬率大於10%
X15,國外,銀行業,,,,a.股票型,今年來報酬率大於10%
X17,國外,消費性耐久財及服飾,,,,a.股票型,
X23,國外,石油與天然氣儲存及運輸,,,,a.股票型,
Y01,國外,科技,,,,a.股票型,
Y02,國外,工業,,,,a.股票型,
Y03,國外,金融,,高風險,,a.股票型,今年來報酬率大於10%
Y04,國外,消費性耐久財,,高風險,,a.股票型,今年來報酬率大於10%
Y05,國外,其他,,,,a.股票型,今年來報酬率大於10%
Y06,國外,健康醫療,,,,a.股票型,
Y07,國外,,,,,b.債券型,
Y08,國外,股權,高收益債,,,b.債券型,
Y0A,國外,消費性耐久財,,,,a.股票型,
Y0C,國外,科技,,,,a.股票型,
Y10,國外,,,,,b.債券型,
Y11,國外,科技,高收益債,,,b.債券型,
Y12,國外,健康醫療,,,,d.平衡型,
Y13,國外,,,,,c.貨幣型,
Y15,國外,原物料,,高風險,,a.股票型,今年來報酬率大於10%
Y16,國外,其他,,,,a.股票型,
Y17,國外,,,,,b.債券型,
Y18,國外,健康醫療,,,,a.股票型,
Y19,國外,民生消費,,高風險,,a.股票型,
Y21,國外,工業,,高風險,,a.股票型,今年來報酬率大於10%
Y22,國外,,,,,b.債券型,
Y23,國外,股權,高收益債,,,b.債券型,
Y24,國外,,,,,b.債券型,
Y25,國外,科技,高收益債,,,b.債券型,
Y26,國外,,,,,b.債券型,
Y27,國外,健康醫療,,,,d.平衡型,
Y29,國外,健康醫療,,,,a.股票型,今年來報酬率大於10%
Y30,國外,科技,,,,a.股票型,
Y31,國外,民生消費,,高風險,,a.股票型,今年來報酬率大於10%
Y32,國外,科技,,,,a.股票型,
Y33,國外,科技,,,,a.股票型,
Y34,國外,消費性耐久財,,,,a.股票型,
Y35,國外,消費性耐久財,,,,a.股票型,今年來報酬率大於10%
Y36,國外,工業,,高風險,,a.股票型,今年來報酬率大於10%
Y37,國外,應用軟體,,,,a.股票型,今年來報酬率大於10%
Y38,國外,,,,熱銷基金,a.股票型,
Y39,國外,,,,,b.債券型,
Y40,國外,股票,高收益債,,,b.債券型,
Y41,國外,民生消費,,高風險,,a.股票型,今年來報酬率大於10%
Y42,國外,科技,,,,a.股票型,
Y43,國外,股票,高收益債,,,b.債券型,
Y44,國外,科技,,,,a.股票型,
Y45,國外,工業,,,,a.股票型,今年來報酬率大於10%
Y46,國外,健康醫療,,,,a.股票型,今年來報酬率大於10%
Y47,國外,健康醫療,,,,a.股票型,
Y48,國外,健康醫療,高收益債,,,d.平衡型,
Y49,國外,健康醫療,高收益債,,,d.平衡型,
Y50,國外,科技,,,,a.股票型,
Y51,國外,能源,,高風險,,a.股票型,今年來報酬率大於10%
Y52,國外,消費性耐久財,,高風險,,a.股票型,今年來報酬率大於10%
Y53,國外,綜合能源,,,,a.股票型,
Y54,國外,綜合能源,,,,a.股票型,
Y55,國外,投資級公司債,高收益債,,,b.債券型,
Y56,國外,投資級公司債,高收益債,,,b.債券型,
Y57,國外,股權,高收益債,,,b.債券型,
Y58,國外,現金及約當現金,,,,d.平衡型,
Y60,國外,現金及約當現金,,,,d.平衡型,
Y61,國外,現金及約當現金,,,,d.平衡型,
Y62,國外,健康醫療,,,,a.股票型,
Y63,國外,健康醫療,,,,a.股票型,
Y64,國外,股票,高收益債,,,b.債券型,今年來報酬率大於10%
Y68,國外,健康醫療,,,,a.股票型,今年來報酬率大於10%
Y69,國外,原物料,,高風險,,a.股票型,今年來報酬率大於10%
Y76,國外,,,,,b.債券型,
Y77,國外,現金,,高風險,,a.股票型,今年來報酬率大於10%
Y79,國外,金融,,高風險,,a.股票型,今年來報酬率大於10%
Y80,國外,金融,,高風險,,a.股票型,今年來報酬率大於10%
Y81,國外,科技,高收益債,,,b.債券型,
Y82,國外,股權,高收益債,,,b.債券型,
Y83,國外,,,,,b.債券型,
Y84,國外,投資級公司債,高收益債,,,b.債券型,
Y85,國外,主權債(非當地貨幣),高收益債,,,b.債券型,
Y86,國外,主權債(非當地貨幣),高收益債,,,b.債券型,
Y87,國外,主權債(非當地貨幣),高收益債,,,b.債券型,
Y88,國外,主權債(非當地貨幣),高收益債,,,b.債券型,
Y90,國外,科技,,高風險,,a.股票型,今年來報酬率大於10%
Y91,國外,科技,,高風險,,a.股票型,今年來報酬率大於10%
Y94,國外,現金及其他產業,,,,a.股票型,
Y95,國外,現金及其他產業,,,,a.股票型,
Y96,國外,現金及其他產業,,,,a.股票型,
Y97,國外,現金及其他產業,,,,a.股票型,
Y98,國外,股票,高收益債,,,b.債券型,
Y99,國外,健康醫療,高收益債,,,d.平衡型,
Z01,國內,,,,,a.股票型,今年來報酬率大於10%
Z02,國內,,,高風險,,a.股票型,
Z03,國內,,,,,a.股票型,
Z04,國內,,,高風險,,a.股票型,今年來報酬率大於10%
Z07,國內,,,,,c.貨幣型,
Z10,國內,,,,,a.股票型,
Z21,國內,消費,,高風險,,a.股票型,
Z22,國內,,,,,a.股票型,
Z23,國內,能源天然氣,,,,a.股票型,
